patient_id,age,sex,demographic_group,height_cm,weight_kg,bmi,smoking_status,physical_activity,family_history,systolic_bp,diastolic_bp,heart_rate,fasting_glucose,hba1c,total_cholesterol,hdl_cholesterol,ldl_cholesterol,triglycerides,serum_creatinine,event_outcome
SYN-PAT-000001,30.1,Female,South-Urban,160.0,37.1,14.5,0,0,0,91.8,55.2,57.2,69.0,4.2,185.2,58.0,104.1,77.6,0.7,0
SYN-PAT-000002,73.1,Female,South-Rural,160.5,53.1,20.6,1,1,0,148.9,85.8,68.2,101.1,5.37,206.3,64.5,120.1,147.0,1.13,0
SYN-PAT-000003,35.8,Male,East-Rural,166.6,74.4,26.8,0,2,0,98.1,60.5,60.5,108.5,5.59,201.8,60.7,129.8,106.5,0.65,0
SYN-PAT-000004,55.6,Male,North-Urban,168.7,93.1,32.7,0,0,1,137.4,79.6,77.4,123.2,5.33,159.9,35.0,92.9,119.9,1.15,0
SYN-PAT-000005,46.2,Female,South-Rural,159.6,71.1,27.9,0,0,0,122.2,70.7,71.9,136.0,,163.7,62.1,74.8,,0.79,0
SYN-PAT-000006,30.8,Male,North-Rural,169.7,71.4,24.8,0,0,1,126.9,64.6,,120.1,6.35,,48.9,134.0,159.9,0.63,0
SYN-PAT-000007,51.4,Female,South-Urban,155.9,60.0,24.7,0,2,1,137.3,81.3,51.9,116.5,5.73,233.4,74.2,130.5,169.0,1.12,0
SYN-PAT-000008,74.2,Female,West-Rural,151.0,74.1,32.5,0,1,0,149.2,74.9,64.1,98.2,5.4,249.8,43.6,177.1,220.1,0.68,1
SYN-PAT-000009,58.6,Female,West-Rural,151.8,77.0,33.4,0,0,0,138.2,64.6,67.7,107.3,5.55,263.2,47.0,185.3,193.1,1.35,0
SYN-PAT-000010,47.7,Female,West-Rural,155.5,53.9,22.3,0,0,1,125.2,50.0,61.4,111.8,4.63,196.8,48.1,114.3,171.9,,0
SYN-PAT-000011,18.0,Female,East-Rural,170.9,44.4,15.2,0,0,0,97.5,56.3,67.3,65.0,4.33,167.0,52.7,95.4,60.7,0.45,0
SYN-PAT-000012,74.0,Female,East-Urban,157.0,44.9,18.2,0,0,0,129.4,81.1,61.0,119.6,5.46,167.3,,78.4,199.6,1.26,0
SYN-PAT-000013,68.3,Male,North-Urban,173.2,92.4,30.8,0,0,1,155.0,89.7,72.6,104.9,5.06,188.0,54.0,80.8,226.6,1.08,0
SYN-PAT-000014,35.5,Male,West-Rural,172.1,70.2,23.7,1,1,0,138.4,69.1,71.2,76.6,4.5,118.7,40.1,53.3,142.3,0.89,0
SYN-PAT-000015,38.6,Female,West-Rural,151.8,56.9,24.7,0,0,0,114.5,66.7,65.4,80.5,4.2,168.6,49.5,100.3,119.5,0.49,0
SYN-PAT-000016,42.6,Female,North-Rural,169.2,50.1,17.5,0,0,0,115.1,64.0,,96.3,4.45,114.0,61.5,45.4,63.3,0.68,0
SYN-PAT-000017,23.9,Female,West-Urban,152.4,47.1,20.3,0,1,0,105.3,56.2,56.8,65.0,4.77,193.1,51.6,139.3,117.2,0.59,0
SYN-PAT-000018,65.9,Male,South-Rural,162.6,64.8,24.5,1,0,1,117.7,63.0,62.9,80.9,5.52,206.0,43.6,118.1,223.7,1.27,0
SYN-PAT-000019,52.7,Female,West-Rural,152.6,59.8,25.7,0,0,1,120.7,78.5,71.7,129.2,5.3,131.3,55.5,55.4,,1.1,0
SYN-PAT-000020,26.7,Female,South-Urban,156.7,53.5,21.8,0,0,0,126.4,75.0,77.5,74.1,,161.1,47.1,98.2,156.8,0.55,0
SYN-PAT-000021,59.5,Male,South-Rural,170.3,61.8,21.3,0,0,1,115.8,70.8,78.9,87.4,,242.2,28.5,188.5,119.0,1.14,0
SYN-PAT-000022,25.8,Male,East-Urban,174.4,61.7,20.3,0,2,1,130.8,61.8,79.0,78.2,4.39,160.5,52.2,98.5,92.9,0.62,0
SYN-PAT-000023,42.2,Female,South-Rural,150.8,65.5,28.8,0,1,0,135.7,76.1,67.2,128.3,6.06,156.9,50.2,89.3,96.6,0.92,0
SYN-PAT-000024,37.7,Female,North-Urban,165.8,68.4,24.9,0,0,0,120.7,53.6,71.4,78.7,4.69,127.3,45.9,70.6,,1.21,0
SYN-PAT-000025,46.8,Female,North-Rural,161.4,69.8,26.8,0,0,0,129.2,79.7,64.2,94.4,5.58,136.3,,58.3,171.2,0.56,0
SYN-PAT-000026,49.0,Male,East-Rural,181.5,69.8,21.2,0,0,0,107.9,68.9,60.9,82.2,4.2,195.2,26.4,132.3,162.5,0.84,0
SYN-PAT-000027,31.4,Male,North-Urban,183.2,48.7,14.5,0,1,0,100.4,53.2,68.8,65.0,4.2,148.6,44.7,64.0,107.2,1.05,0
SYN-PAT-000028,44.3,Female,East-Urban,158.0,55.9,22.4,0,1,0,134.7,85.4,62.3,76.6,4.75,168.7,58.0,72.2,108.7,1.03,0
SYN-PAT-000029,79.4,Male,South-Urban,166.6,64.4,23.2,0,1,0,130.0,59.0,79.5,81.6,4.78,190.3,52.2,97.0,113.7,1.05,0
SYN-PAT-000030,48.3,Female,East-Urban,155.3,62.5,25.9,0,0,1,135.3,78.4,,125.3,5.62,181.4,58.5,92.9,145.4,1.17,0
SYN-PAT-000031,77.1,Female,East-Urban,158.8,97.8,38.8,0,0,1,132.8,81.9,80.1,138.2,6.36,185.2,39.5,84.9,186.6,0.89,1
SYN-PAT-000032,38.6,Female,South-Rural,145.6,56.6,26.7,0,1,0,103.5,58.4,61.4,137.9,5.49,188.9,44.2,113.9,,1.09,0
SYN-PAT-000033,41.9,Female,South-Urban,149.6,77.4,34.6,0,2,1,149.2,79.8,61.9,104.1,4.74,151.8,50.8,72.6,148.5,0.98,0
SYN-PAT-000034,62.2,Female,North-Urban,147.2,59.8,27.6,0,2,0,131.5,61.8,71.7,88.4,4.71,175.3,55.9,98.7,146.2,1.19,0
SYN-PAT-000035,62.8,Female,East-Urban,163.3,61.6,23.1,0,0,0,121.7,50.0,66.3,125.9,5.44,219.7,55.9,138.2,153.2,1.01,0
SYN-PAT-000036,46.1,Female,North-Urban,138.4,49.4,25.8,0,1,0,137.6,66.9,65.3,114.1,5.3,194.4,42.2,130.1,155.5,1.01,0
SYN-PAT-000037,30.6,Female,West-Rural,152.4,70.4,30.3,0,1,1,131.5,70.3,63.9,113.7,6.05,198.3,47.8,116.2,192.3,0.93,0
SYN-PAT-000038,38.8,Male,West-Rural,160.8,80.2,31.0,1,2,1,138.7,81.5,83.2,90.9,5.38,245.5,36.9,178.3,135.3,1.24,0
SYN-PAT-000039,67.8,Female,West-Rural,149.6,52.8,23.6,0,0,1,124.5,71.9,,144.3,6.23,193.6,42.9,114.7,174.8,0.97,0
SYN-PAT-000040,62.6,Female,East-Rural,151.8,60.8,26.4,0,1,1,127.4,73.5,70.3,113.2,5.51,195.9,58.3,82.8,231.4,,0
SYN-PAT-000041,41.9,Male,South-Rural,170.9,54.9,18.8,0,0,0,116.7,60.6,69.2,76.5,4.37,165.3,43.8,95.4,141.8,0.99,0
SYN-PAT-000042,39.7,Male,North-Urban,160.2,69.8,27.2,1,1,1,133.2,70.4,71.9,126.9,5.32,168.9,48.7,66.7,188.4,0.9,0
SYN-PAT-000043,18.0,Male,West-Rural,172.9,85.8,28.7,0,0,0,102.1,61.0,68.2,87.2,4.39,,41.2,90.1,100.3,0.75,0
SYN-PAT-000044,54.1,Female,West-Rural,161.9,65.8,25.1,0,1,0,127.1,63.2,,76.4,4.35,190.5,53.7,104.3,,1.21,0
SYN-PAT-000045,43.6,Female,South-Urban,155.1,52.4,21.8,0,2,0,119.7,65.3,69.0,89.6,4.85,187.3,65.6,99.1,120.8,0.96,0
SYN-PAT-000046,67.1,Male,East-Urban,162.1,71.2,27.1,0,0,1,149.3,78.4,65.7,103.1,4.7,210.5,36.4,145.5,158.9,1.3,0
SYN-PAT-000047,38.2,Male,West-Rural,173.2,76.8,25.6,0,1,0,125.8,68.0,78.9,65.0,4.52,180.3,48.7,107.5,178.8,1.2,0
SYN-PAT-000048,53.5,Female,East-Rural,148.6,55.6,25.2,1,0,0,112.7,66.8,82.6,81.4,4.67,213.8,49.1,125.0,114.3,0.99,0
SYN-PAT-000049,46.9,Male,South-Urban,179.9,81.6,25.2,1,0,0,124.6,77.1,77.7,85.1,4.66,184.4,44.5,109.4,136.0,,1
SYN-PAT-000050,50.4,Female,South-Rural,155.3,58.1,24.1,0,0,0,111.0,64.8,72.9,73.8,5.12,173.1,52.3,89.4,184.5,0.49,0
SYN-PAT-000051,66.3,Male,West-Urban,164.4,79.7,29.5,1,0,0,148.3,68.4,48.2,118.3,4.46,175.4,,128.2,176.3,1.01,0
SYN-PAT-000052,56.0,Male,West-Urban,167.9,78.7,27.9,1,2,0,145.5,81.5,70.8,87.8,4.76,149.4,43.5,74.7,154.1,1.0,0
SYN-PAT-000053,71.4,Male,East-Rural,168.5,63.0,22.2,0,0,0,133.3,74.9,68.5,109.1,4.21,236.8,57.1,141.6,160.9,0.94,0
SYN-PAT-000054,69.8,Male,East-Rural,162.5,58.1,22.0,0,1,1,127.8,74.1,,89.4,4.98,175.1,55.9,119.1,,1.18,0
SYN-PAT-000055,47.4,Male,East-Rural,161.2,61.3,23.6,0,2,1,120.9,75.3,50.0,121.1,5.87,,53.2,93.4,87.6,1.07,0
SYN-PAT-000056,65.0,Female,East-Urban,145.6,60.2,28.4,0,2,0,136.3,78.8,71.5,83.0,,187.5,51.9,130.1,96.4,1.34,0
SYN-PAT-000057,40.9,Female,West-Urban,148.7,54.6,24.7,0,1,1,109.8,68.7,57.1,,4.2,171.3,54.8,76.0,142.2,0.98,0
SYN-PAT-000058,35.7,Female,West-Rural,149.7,48.0,21.4,0,0,0,97.2,82.6,72.6,107.5,4.46,217.7,53.8,137.4,158.7,0.67,0
SYN-PAT-000059,35.4,Female,North-Rural,150.7,56.3,24.8,0,2,0,89.9,54.5,,74.1,4.64,166.5,,59.6,,0.84,0
SYN-PAT-000060,23.9,Male,East-Rural,163.9,58.8,21.9,1,0,0,126.9,67.0,67.7,112.8,5.19,238.4,,141.8,160.1,0.6,0
SYN-PAT-000061,45.9,Female,South-Urban,156.3,67.9,27.8,0,2,0,128.8,80.8,77.5,107.8,5.2,187.9,58.7,93.6,207.2,0.9,0
SYN-PAT-000062,37.3,Female,West-Urban,145.8,53.6,25.2,0,1,0,120.2,72.0,63.2,105.0,5.07,235.0,46.0,167.9,138.1,0.83,0
SYN-PAT-000063,63.9,Male,South-Urban,160.4,62.5,24.3,0,1,0,144.9,81.8,74.4,119.1,5.06,218.6,34.6,149.6,148.0,1.01,1
SYN-PAT-000064,66.7,Male,South-Rural,154.8,63.7,26.6,0,0,0,118.2,72.2,61.8,106.4,5.79,208.3,53.6,124.7,221.4,1.09,0
SYN-PAT-000065,40.7,Female,North-Urban,146.4,62.4,29.1,0,1,0,100.2,78.0,79.3,99.4,5.3,228.5,53.5,148.1,116.2,,0
SYN-PAT-000066,52.9,Female,North-Urban,153.2,53.3,22.7,0,2,1,127.0,64.1,73.4,128.8,,215.9,41.9,153.7,88.0,,0
SYN-PAT-000067,34.2,Female,North-Rural,138.6,48.6,25.3,0,2,0,117.8,80.5,,91.7,4.65,193.3,55.9,113.9,115.6,0.92,0
SYN-PAT-000068,66.8,Male,East-Urban,169.8,73.2,25.4,0,0,1,111.5,77.8,69.3,101.7,4.78,261.7,40.6,,137.0,1.3,1
SYN-PAT-000069,39.0,Female,West-Rural,159.2,65.1,25.7,0,2,0,121.6,62.3,54.8,102.7,5.83,165.1,60.8,89.7,136.8,0.92,0
SYN-PAT-000070,53.8,Male,East-Urban,165.1,61.1,22.4,0,0,1,117.8,74.3,68.5,67.7,4.77,156.9,53.5,72.6,101.7,0.99,0
SYN-PAT-000071,34.2,Female,West-Rural,155.5,58.5,24.2,0,1,0,103.6,66.6,78.7,112.0,5.3,155.2,48.7,70.5,142.2,0.65,0
SYN-PAT-000072,32.0,Female,East-Rural,160.8,71.9,27.8,0,1,1,111.2,65.2,71.3,128.2,6.5,226.1,58.4,133.6,111.1,0.7,0
SYN-PAT-000073,54.9,Male,West-Urban,160.6,55.2,21.4,0,0,1,93.0,50.0,58.4,126.4,,224.9,36.1,170.2,187.0,0.98,0
SYN-PAT-000074,67.2,Female,West-Rural,166.1,57.1,20.7,0,0,0,121.4,62.2,61.9,117.8,5.32,176.7,51.2,103.6,93.1,0.81,0
SYN-PAT-000075,46.8,Female,West-Urban,151.6,45.0,19.6,0,1,0,107.9,71.8,78.8,85.8,4.58,110.9,51.6,40.0,118.1,1.03,0
SYN-PAT-000076,64.4,Female,North-Rural,145.6,44.7,21.1,1,0,0,140.0,80.1,75.7,94.4,4.8,184.3,53.4,102.4,128.1,0.96,0
SYN-PAT-000077,39.0,Female,South-Rural,152.4,61.1,26.3,0,0,1,115.9,68.7,62.3,82.8,4.38,151.4,,82.5,146.1,,0
SYN-PAT-000078,45.7,Female,South-Rural,148.8,42.3,19.1,0,1,0,123.0,75.8,53.0,117.7,6.18,161.7,62.1,74.1,160.6,0.61,0
SYN-PAT-000079,42.4,Female,North-Urban,157.9,57.6,23.1,0,2,0,86.3,69.9,60.7,81.4,4.28,148.7,66.3,48.4,141.4,0.65,0
SYN-PAT-000080,30.4,Female,South-Rural,147.3,56.2,25.9,0,1,0,102.6,68.4,54.0,95.0,5.43,128.7,42.9,57.2,123.0,0.9,0
SYN-PAT-000081,69.2,Female,East-Rural,154.5,65.4,27.4,0,0,0,142.0,70.9,71.8,111.0,5.7,253.5,40.8,,192.7,,0
SYN-PAT-000082,64.2,Male,South-Urban,162.7,63.8,24.1,1,0,0,132.0,76.5,93.1,76.0,4.5,,56.9,81.7,185.8,0.93,0
SYN-PAT-000083,35.0,Male,South-Rural,171.7,72.2,24.5,0,1,1,124.2,75.2,55.8,69.5,,214.6,41.5,158.0,139.5,1.04,0
SYN-PAT-000084,34.4,Male,North-Rural,172.8,72.3,24.2,0,1,0,91.8,69.4,67.7,88.4,4.2,168.1,38.6,95.0,143.2,0.97,0
SYN-PAT-000085,29.4,Male,East-Rural,162.9,60.0,22.6,0,1,1,118.1,76.2,80.1,88.1,4.82,,52.3,,145.6,0.82,0
SYN-PAT-000086,41.8,Female,South-Rural,142.8,47.7,23.4,0,2,0,109.2,57.7,,88.6,,192.4,59.4,114.9,,0.88,0
SYN-PAT-000087,54.6,Female,East-Urban,152.9,78.3,33.5,0,0,0,123.6,70.3,73.4,127.7,6.24,187.6,63.8,82.0,154.3,0.63,0
SYN-PAT-000088,61.0,Female,West-Rural,154.7,68.0,28.4,0,0,0,143.5,62.8,72.1,108.5,5.51,190.8,47.8,114.7,175.7,0.82,1
SYN-PAT-000089,74.3,Female,South-Rural,155.1,85.6,35.6,0,2,1,159.0,88.2,59.3,144.8,5.41,218.0,59.6,,178.5,1.19,0
SYN-PAT-000090,54.0,Female,East-Urban,156.2,56.4,23.1,0,1,0,135.7,72.1,66.7,102.7,5.71,163.0,43.6,99.4,127.4,0.94,0
SYN-PAT-000091,37.3,Male,East-Rural,175.5,72.7,23.6,0,1,0,139.0,77.8,71.2,83.0,,,52.3,45.0,143.3,1.04,0
SYN-PAT-000092,55.6,Male,South-Rural,162.1,52.6,20.0,1,2,0,142.7,63.2,74.6,73.3,4.2,181.6,47.3,,148.8,1.09,0
SYN-PAT-000093,47.1,Male,East-Urban,161.6,55.9,21.4,1,2,0,114.5,79.0,60.3,,4.81,206.2,50.1,145.4,148.8,1.12,0
SYN-PAT-000094,43.7,Female,South-Urban,152.4,73.2,31.5,0,1,1,126.5,65.2,69.5,115.0,,163.9,59.0,83.7,121.5,0.97,0
SYN-PAT-000095,58.8,Male,West-Urban,174.9,71.0,23.2,0,0,0,121.7,76.4,64.0,113.3,5.29,193.3,55.3,113.5,84.1,1.24,0
SYN-PAT-000096,58.3,Male,North-Urban,174.4,98.8,32.5,0,2,0,158.0,82.3,70.3,106.0,5.43,241.9,37.5,163.2,203.0,1.19,1
SYN-PAT-000097,64.6,Male,East-Rural,158.1,52.2,20.9,1,1,0,146.5,74.0,75.1,90.8,4.73,187.5,43.1,124.4,110.6,1.11,0
SYN-PAT-000098,51.3,Female,East-Urban,160.5,53.6,20.8,0,0,0,117.6,67.0,76.8,86.5,4.59,183.6,39.8,129.1,96.8,,0
SYN-PAT-000099,43.2,Female,North-Rural,155.1,55.3,23.0,0,1,0,127.8,67.1,,73.7,4.2,,47.6,129.1,92.7,,0
SYN-PAT-000100,40.9,Female,West-Urban,151.6,54.9,23.9,0,0,0,102.0,76.2,73.5,116.6,5.6,159.1,54.8,81.1,179.6,0.73,0
SYN-PAT-000101,39.7,Female,South-Rural,159.0,69.8,27.6,0,2,0,122.2,72.2,61.4,115.4,4.61,154.0,54.6,71.5,149.5,0.72,0
SYN-PAT-000102,46.9,Male,East-Urban,171.4,77.0,26.2,0,1,0,110.8,59.6,78.4,74.1,4.64,157.1,38.9,86.4,156.9,1.3,0
SYN-PAT-000103,41.0,Female,West-Urban,159.1,57.2,22.6,0,2,0,95.4,61.8,64.5,103.4,4.35,187.0,51.2,108.4,156.6,0.6,0
SYN-PAT-000104,60.0,Female,West-Rural,156.4,60.7,24.8,0,2,0,137.4,75.5,53.5,66.1,4.47,212.9,42.9,134.5,147.3,1.15,0
SYN-PAT-000105,76.1,Male,West-Urban,179.6,81.0,25.1,1,2,0,154.0,85.0,64.7,123.9,,225.0,56.4,137.3,205.3,1.2,0
SYN-PAT-000106,49.9,Male,East-Urban,172.5,63.1,21.2,0,1,0,124.9,66.2,72.4,78.1,4.82,170.2,69.3,82.7,80.6,1.02,0
SYN-PAT-000107,57.8,Female,East-Urban,158.6,54.8,21.8,0,2,0,122.1,66.3,67.8,101.0,5.49,217.2,50.1,153.3,93.3,1.0,0
SYN-PAT-000108,80.3,Male,West-Rural,168.5,86.3,30.4,1,0,0,134.8,75.9,69.5,80.0,5.28,220.2,43.1,167.6,133.0,,0
SYN-PAT-000109,49.9,Female,North-Urban,161.3,46.1,17.7,0,0,1,102.5,71.3,65.7,76.5,4.2,178.6,66.0,90.4,138.8,0.7,0
SYN-PAT-000110,36.9,Female,West-Urban,158.2,75.3,30.1,0,2,0,108.2,59.5,59.4,105.4,5.29,100.0,62.5,40.0,166.7,0.57,0
SYN-PAT-000111,18.9,Female,West-Rural,147.7,46.9,21.5,0,1,0,99.8,69.1,65.3,66.0,5.3,138.1,44.0,71.5,87.1,0.62,0
SYN-PAT-000112,32.5,Male,West-Rural,166.1,57.1,20.7,1,0,0,128.3,67.9,,67.9,4.48,126.3,46.8,57.6,,0.82,0
SYN-PAT-000113,64.1,Male,West-Urban,155.2,68.4,28.4,0,0,0,146.1,75.1,81.6,130.8,5.42,216.2,43.2,118.5,,1.41,1
SYN-PAT-000114,56.5,Female,North-Rural,161.2,79.8,30.7,0,0,1,111.3,85.6,66.3,157.4,6.33,199.1,46.9,130.8,133.6,,0
SYN-PAT-000115,64.0,Female,West-Rural,157.8,74.2,29.8,0,1,0,126.2,72.1,,,5.52,170.2,,63.7,178.6,0.53,0
SYN-PAT-000116,73.7,Female,North-Rural,147.4,60.8,28.0,0,1,0,129.6,79.5,70.7,89.3,,212.9,60.4,134.1,140.2,0.96,0
SYN-PAT-000117,54.2,Female,South-Urban,154.2,69.2,29.1,0,0,0,98.1,72.6,81.6,,6.27,153.2,56.7,63.3,202.5,1.0,0
SYN-PAT-000118,42.9,Female,West-Urban,154.5,42.5,17.8,0,2,1,119.5,59.7,74.0,67.3,4.63,142.9,66.4,49.0,142.2,1.14,0
SYN-PAT-000119,85.0,Female,West-Rural,163.5,66.3,24.8,0,0,1,138.8,61.0,78.4,115.9,4.84,188.0,49.2,111.4,110.3,,0
SYN-PAT-000120,65.6,Male,North-Urban,164.3,59.9,22.2,0,1,0,127.5,77.8,71.8,99.2,5.03,207.3,45.0,135.1,135.3,1.05,0
SYN-PAT-000121,62.9,Male,West-Rural,165.7,82.6,30.1,0,1,1,150.3,70.9,61.9,154.0,6.03,,47.2,158.4,78.9,1.17,1
SYN-PAT-000122,85.0,Female,East-Urban,139.8,49.4,25.3,0,1,0,143.3,63.5,,126.4,4.94,192.1,53.1,105.6,208.3,1.18,0
SYN-PAT-000123,52.5,Female,East-Rural,166.3,77.7,28.1,0,0,0,121.5,79.8,66.1,92.3,4.39,227.8,46.7,131.8,238.3,0.69,0
SYN-PAT-000124,35.1,Female,North-Urban,148.0,56.5,25.8,0,0,0,122.0,63.8,79.1,73.7,4.2,178.0,60.0,124.2,45.0,0.77,0
SYN-PAT-000125,49.0,Female,West-Rural,157.1,52.8,21.4,0,2,0,131.8,66.5,66.2,108.6,5.22,187.0,73.1,103.7,70.8,,0
SYN-PAT-000126,54.3,Male,North-Urban,166.4,62.9,22.7,0,0,0,126.7,86.4,79.3,84.7,4.58,183.6,45.1,111.7,145.6,1.09,0
SYN-PAT-000127,70.9,Male,West-Urban,166.1,85.3,30.9,0,2,1,147.5,66.2,76.5,127.5,5.34,200.5,44.1,125.6,174.1,1.18,1
SYN-PAT-000128,64.0,Female,North-Rural,160.3,58.1,22.6,0,1,0,126.6,62.1,62.7,,,203.9,52.6,115.8,128.8,0.79,0
SYN-PAT-000129,41.6,Female,South-Urban,165.9,68.0,24.7,0,0,0,116.8,66.6,,102.1,5.5,200.3,43.5,140.1,61.1,0.89,0
SYN-PAT-000130,51.7,Male,South-Urban,168.9,62.2,21.8,0,1,0,122.3,68.5,68.6,100.9,5.26,157.9,52.5,77.2,147.6,1.06,0
SYN-PAT-000131,58.0,Female,West-Urban,159.3,60.9,24.0,0,0,0,117.2,63.2,69.5,75.2,5.07,184.1,43.5,101.1,182.5,0.91,0
SYN-PAT-000132,40.9,Male,West-Urban,169.6,69.0,24.0,1,1,0,116.0,60.9,64.7,109.2,5.2,225.0,43.4,,251.1,0.8,0
SYN-PAT-000133,27.4,Female,North-Urban,161.6,53.3,20.4,0,2,0,122.9,81.4,75.4,90.6,5.59,170.2,63.4,70.9,165.5,0.89,0
SYN-PAT-000134,48.7,Male,West-Urban,171.3,61.6,21.0,0,0,0,142.7,76.6,71.9,103.2,5.29,,34.3,139.0,74.8,0.92,0
SYN-PAT-000135,78.0,Male,North-Urban,154.7,65.8,27.5,1,1,0,165.3,85.9,70.2,103.2,5.01,239.3,44.2,184.2,170.5,1.57,1
SYN-PAT-000136,39.8,Male,West-Urban,172.8,62.4,20.9,0,0,0,97.7,63.6,64.7,89.4,4.9,159.8,36.9,90.3,146.8,0.74,0
SYN-PAT-000137,70.0,Male,West-Rural,163.0,60.6,22.8,0,1,0,114.8,71.2,,101.9,4.57,194.8,47.7,,122.5,1.28,0
SYN-PAT-000138,54.3,Female,West-Urban,150.7,48.6,21.4,1,0,0,113.7,75.3,63.1,90.0,4.74,206.7,45.5,126.1,167.7,0.55,0
SYN-PAT-000139,43.3,Male,South-Rural,159.7,61.2,24.0,0,1,0,119.8,63.0,73.1,,5.2,214.5,48.8,,163.0,0.61,0
SYN-PAT-000140,54.0,Male,East-Urban,171.3,83.6,28.5,0,2,0,94.2,68.2,71.5,124.4,5.95,,49.6,50.8,206.6,,0
SYN-PAT-000141,70.7,Female,North-Rural,146.1,67.7,31.7,0,0,0,132.7,80.8,70.7,131.9,5.68,186.3,41.4,122.3,210.6,0.6,0
SYN-PAT-000142,25.9,Female,East-Urban,165.4,56.1,20.5,0,1,0,122.5,81.6,71.1,65.0,5.59,136.4,49.1,63.6,121.7,0.9,0
SYN-PAT-000143,65.6,Female,East-Rural,154.9,81.1,33.8,0,1,1,150.5,94.8,73.3,143.0,6.04,202.6,31.2,147.4,151.9,1.02,1
SYN-PAT-000144,55.5,Female,East-Rural,156.8,52.1,21.2,0,1,1,116.4,69.4,68.2,126.3,4.84,158.6,56.3,,81.1,1.15,0
SYN-PAT-000145,29.0,Female,South-Urban,151.2,63.1,27.6,0,1,1,108.2,77.5,70.3,99.9,5.71,193.5,54.2,107.5,141.3,0.72,0
SYN-PAT-000146,31.9,Male,North-Rural,169.8,60.3,20.9,1,1,0,122.1,50.0,69.0,92.2,5.19,173.5,55.3,87.3,98.7,1.01,0
SYN-PAT-000147,66.3,Female,East-Urban,151.1,51.1,22.4,0,0,0,140.7,86.2,73.0,107.6,5.35,,55.9,139.7,134.5,0.95,0
SYN-PAT-000148,53.6,Male,South-Urban,181.4,72.7,22.1,0,2,0,115.8,63.6,66.3,78.0,4.44,210.9,62.8,111.8,183.5,0.9,0
SYN-PAT-000149,41.2,Female,East-Rural,159.4,61.0,24.0,0,2,0,114.2,67.4,56.9,83.9,,197.5,47.5,114.4,189.3,0.75,0
SYN-PAT-000150,42.4,Female,North-Urban,156.1,64.3,26.4,0,0,0,112.9,73.0,71.6,107.9,6.04,172.7,49.7,97.0,87.6,0.61,0
SYN-PAT-000151,68.5,Female,North-Rural,157.3,70.3,28.4,0,0,1,119.8,70.6,75.6,110.5,5.48,204.4,52.9,128.6,157.1,1.04,0
SYN-PAT-000152,48.0,Female,North-Rural,152.8,49.0,21.0,0,1,0,115.6,70.1,,,4.55,166.4,51.6,68.6,110.6,0.81,0
SYN-PAT-000153,41.7,Female,West-Urban,158.2,51.1,20.4,0,2,0,110.7,79.3,73.5,109.8,4.2,136.3,58.6,48.1,135.3,0.8,0
SYN-PAT-000154,59.4,Female,West-Urban,164.6,59.1,21.8,0,2,0,110.0,64.8,71.0,115.8,5.57,214.4,71.8,132.5,45.0,1.42,0
SYN-PAT-000155,75.8,Female,East-Urban,159.6,65.7,25.8,0,2,0,145.3,68.5,59.3,142.6,5.55,200.8,52.9,107.1,,0.99,0
SYN-PAT-000156,55.1,Male,West-Urban,159.6,61.6,24.2,0,0,0,130.6,86.5,70.9,95.0,4.97,145.7,36.4,85.4,138.5,1.15,0
SYN-PAT-000157,60.7,Male,West-Urban,175.4,66.8,21.7,0,2,0,134.1,76.9,63.0,98.8,4.69,203.4,48.6,118.3,,1.12,0
SYN-PAT-000158,56.4,Female,West-Rural,145.2,55.0,26.1,1,2,0,123.9,86.4,66.7,105.4,4.86,184.6,58.0,101.6,153.0,1.13,0
SYN-PAT-000159,48.0,Male,South-Rural,174.9,101.6,33.2,1,0,1,110.8,77.7,74.5,116.4,5.24,136.3,40.0,,191.2,1.06,0
SYN-PAT-000160,41.5,Male,East-Urban,165.7,61.2,22.3,0,0,0,121.3,60.3,77.0,98.4,4.75,138.2,41.5,72.8,135.5,0.96,0
SYN-PAT-000161,18.4,Female,West-Urban,154.9,50.9,21.2,0,1,1,94.1,68.8,70.1,65.0,4.72,140.7,,70.8,159.3,1.08,0
SYN-PAT-000162,32.5,Male,North-Urban,159.9,66.0,25.8,0,1,0,103.1,59.9,80.2,93.3,5.27,180.9,31.3,,192.2,0.77,0
SYN-PAT-000163,67.1,Male,West-Rural,170.7,68.8,23.6,1,0,0,121.8,70.8,74.2,75.8,4.2,216.9,43.8,154.1,119.4,1.1,1
SYN-PAT-000164,54.3,Female,West-Rural,159.7,70.1,27.5,0,0,0,123.9,71.8,66.1,83.2,,212.3,48.6,117.2,189.2,1.07,0
SYN-PAT-000165,41.0,Female,West-Rural,163.2,57.0,21.4,0,0,1,133.6,60.6,,112.5,5.5,192.1,60.8,85.8,145.7,0.71,0
SYN-PAT-000166,65.9,Female,North-Urban,155.6,78.9,32.6,0,0,0,131.8,69.6,79.5,108.3,5.88,203.9,38.5,,280.8,1.12,0
SYN-PAT-000167,44.4,Female,South-Urban,149.8,57.7,25.7,1,0,0,113.1,86.0,59.0,106.8,5.74,230.8,39.4,166.3,105.6,0.75,0
SYN-PAT-000168,34.1,Male,North-Rural,179.8,69.2,21.4,0,1,0,118.7,71.2,57.2,80.6,,190.3,35.6,144.8,,1.15,0
SYN-PAT-000169,42.6,Female,South-Urban,149.8,49.4,22.0,0,0,0,118.2,68.2,71.8,108.7,5.7,183.2,54.8,106.9,83.9,1.02,0
SYN-PAT-000170,74.7,Male,North-Urban,169.3,69.4,24.2,0,2,0,110.2,82.0,74.4,100.1,4.32,216.4,51.3,141.3,118.3,1.14,0
SYN-PAT-000171,38.0,Male,South-Rural,160.7,75.4,29.2,0,2,1,127.6,70.8,78.7,,4.56,171.5,38.7,89.2,,0.83,0
SYN-PAT-000172,43.5,Male,North-Rural,157.6,48.4,19.5,0,2,0,140.0,72.9,63.3,89.9,5.06,173.0,,93.9,129.6,0.99,0
SYN-PAT-000173,49.2,Male,North-Urban,173.8,66.8,22.1,1,1,0,94.6,71.8,77.8,65.0,4.2,123.1,26.6,56.0,155.6,0.99,0
SYN-PAT-000174,47.8,Female,South-Rural,141.9,45.1,22.4,0,0,1,104.5,63.6,72.5,77.2,5.58,170.0,57.3,73.3,154.4,1.0,0
SYN-PAT-000175,61.5,Female,East-Urban,158.8,63.8,25.3,0,0,1,95.1,59.8,59.6,96.7,5.67,242.5,41.3,,141.7,0.95,0
SYN-PAT-000176,45.3,Male,East-Rural,159.5,59.5,23.4,1,0,0,123.9,54.3,72.0,73.5,4.87,184.6,53.6,100.3,123.2,1.13,0
SYN-PAT-000177,42.8,Female,West-Rural,155.0,44.7,18.6,0,2,0,125.2,63.0,59.6,74.6,,176.0,68.8,118.1,,0.92,0
SYN-PAT-000178,54.5,Female,West-Urban,153.0,55.0,23.5,0,0,0,125.2,64.4,79.9,76.7,4.61,214.5,42.1,158.4,111.6,1.07,0
SYN-PAT-000179,66.8,Male,North-Urban,167.1,70.6,25.3,1,1,1,154.9,79.8,69.4,89.4,5.28,206.7,,141.9,153.5,1.17,1
SYN-PAT-000180,34.9,Male,East-Rural,180.0,69.3,21.4,0,1,1,121.3,65.4,57.7,124.6,5.06,149.2,,79.5,127.7,1.01,0
SYN-PAT-000181,37.8,Female,South-Urban,163.7,71.3,26.6,0,2,1,137.8,91.4,54.2,92.6,4.92,180.1,66.0,81.9,166.2,0.86,0
SYN-PAT-000182,35.3,Male,East-Rural,170.3,79.2,27.3,1,1,0,136.5,67.2,69.9,65.0,4.87,,30.6,79.5,161.9,0.93,0
SYN-PAT-000183,63.4,Male,North-Urban,165.0,68.6,25.2,0,1,0,125.4,82.6,49.0,94.7,4.35,199.5,53.5,128.6,218.3,1.31,0
SYN-PAT-000184,65.8,Female,East-Rural,156.1,64.6,26.5,0,1,0,133.5,75.9,65.5,83.6,,174.0,51.6,97.8,117.6,1.16,0
SYN-PAT-000185,28.5,Female,West-Rural,144.4,31.7,15.2,0,1,0,92.1,67.8,69.0,65.0,4.2,185.7,63.5,98.7,87.2,0.93,0
SYN-PAT-000186,54.2,Male,North-Rural,169.5,67.2,23.4,0,0,1,120.9,76.1,63.1,120.0,,,24.6,119.1,103.3,0.94,0
SYN-PAT-000187,63.0,Female,North-Urban,154.0,69.5,29.3,0,2,0,134.2,58.6,76.0,98.3,4.93,175.9,52.7,83.0,217.7,1.04,0
SYN-PAT-000188,41.2,Female,South-Rural,162.2,59.5,22.6,0,1,0,114.8,68.8,79.0,68.2,4.69,173.6,53.8,112.7,106.7,1.02,0
SYN-PAT-000189,48.1,Female,East-Rural,158.0,54.4,21.8,0,0,1,135.0,71.2,63.1,110.7,,190.6,48.8,116.7,179.6,1.17,0
SYN-PAT-000190,36.5,Male,North-Rural,163.9,87.3,32.5,0,2,0,117.7,64.0,,120.6,5.71,151.8,40.8,60.9,212.8,0.71,0
SYN-PAT-000191,38.6,Female,West-Rural,154.1,73.4,30.9,0,1,0,110.3,73.9,79.4,108.4,5.08,170.5,53.0,76.4,,0.8,0
SYN-PAT-000192,56.3,Female,South-Urban,168.1,76.0,26.9,0,2,1,117.3,83.7,67.0,68.4,4.29,194.7,54.2,120.1,164.3,0.87,0
SYN-PAT-000193,53.8,Female,South-Urban,155.7,71.0,29.3,0,2,1,136.3,55.6,55.7,94.6,5.65,230.5,50.3,169.6,158.3,1.22,0
SYN-PAT-000194,54.0,Male,West-Rural,177.9,52.2,16.5,0,2,1,100.8,60.0,63.2,99.0,,107.0,52.6,40.0,107.7,0.63,0
SYN-PAT-000195,46.8,Female,East-Rural,158.2,53.8,21.5,0,0,0,115.6,59.4,64.4,85.4,5.13,196.3,57.0,129.2,110.9,0.67,0
SYN-PAT-000196,42.5,Male,South-Urban,182.0,74.5,22.5,1,0,0,138.4,74.6,81.3,83.5,4.76,166.8,39.9,,122.4,1.31,0
SYN-PAT-000197,71.7,Male,South-Rural,163.0,66.7,25.1,0,2,0,138.2,72.4,,86.7,4.61,185.8,47.7,82.5,235.9,1.11,0
SYN-PAT-000198,60.2,Female,North-Urban,158.3,58.9,23.5,0,2,1,126.1,67.1,63.5,84.4,4.25,,63.5,77.2,101.8,0.71,0
SYN-PAT-000199,67.6,Male,North-Rural,165.9,44.3,16.1,0,1,0,124.4,74.3,,127.2,5.02,,44.1,108.1,139.4,1.42,0
SYN-PAT-000200,59.6,Male,East-Urban,168.9,76.2,26.7,0,0,1,117.1,82.9,61.8,114.1,5.11,,45.9,126.6,183.9,0.83,0
SYN-PAT-000201,69.8,Male,East-Rural,171.3,82.2,28.0,0,0,0,125.9,93.0,66.8,119.0,5.49,186.8,38.5,119.9,153.9,1.34,0
SYN-PAT-000202,21.5,Female,South-Urban,158.1,72.7,29.1,0,2,0,108.2,63.9,80.7,89.6,5.26,218.2,57.5,143.3,147.8,0.45,0
SYN-PAT-000203,42.6,Male,North-Urban,162.4,56.2,21.3,0,0,1,118.7,55.7,,100.7,4.95,193.6,47.9,126.7,62.1,0.75,0
SYN-PAT-000204,59.7,Male,East-Urban,159.6,56.0,22.0,0,0,1,136.9,77.8,79.7,106.5,5.11,193.6,47.1,108.1,196.6,1.17,0
SYN-PAT-000205,57.1,Male,South-Rural,186.8,52.0,14.9,1,1,0,125.1,81.0,68.9,65.1,4.24,173.2,48.6,77.9,166.5,0.94,0
SYN-PAT-000206,46.6,Female,South-Urban,154.5,55.9,23.4,0,0,1,135.7,79.9,83.3,76.9,4.86,214.6,46.6,153.6,130.3,0.94,0
SYN-PAT-000207,52.5,Male,South-Urban,173.2,84.9,28.3,1,2,1,152.1,90.9,50.3,119.8,5.87,,49.5,166.7,,1.45,0
SYN-PAT-000208,55.8,Female,North-Rural,153.0,53.1,22.7,0,0,1,133.5,71.4,70.3,110.3,4.68,153.9,55.2,67.7,173.1,0.91,0
SYN-PAT-000209,52.8,Female,South-Rural,160.8,85.3,33.0,0,0,1,145.7,74.3,88.5,136.0,5.84,177.2,52.0,102.8,118.0,1.24,0
SYN-PAT-000210,44.7,Female,South-Rural,151.0,53.4,23.4,0,1,1,106.5,68.2,77.2,116.6,5.99,197.8,62.2,112.4,,0.88,0
SYN-PAT-000211,47.1,Male,East-Rural,171.5,73.8,25.1,0,1,0,107.4,65.6,80.8,80.0,4.2,209.9,44.0,124.5,,1.18,0
SYN-PAT-000212,65.1,Female,East-Urban,160.1,52.3,20.4,0,0,0,133.3,77.3,71.3,116.0,5.41,181.3,42.6,100.8,204.6,0.56,0
SYN-PAT-000213,58.5,Male,North-Rural,169.2,75.3,26.3,0,1,0,112.4,76.8,65.3,114.5,,171.7,37.6,105.9,178.9,1.19,0
SYN-PAT-000214,30.4,Male,East-Rural,159.4,40.7,16.0,0,0,0,100.8,71.7,61.5,88.5,4.51,164.1,50.6,,73.5,1.0,0
SYN-PAT-000215,45.3,Female,North-Rural,167.7,76.2,27.1,0,2,0,131.2,77.7,57.7,136.9,6.62,226.2,55.6,152.0,73.1,,0
SYN-PAT-000216,36.4,Male,South-Rural,160.2,68.3,26.6,0,0,0,133.5,76.1,79.8,129.0,5.75,179.6,47.5,107.4,136.9,1.35,0
SYN-PAT-000217,39.1,Female,North-Rural,148.2,64.1,29.2,0,2,0,117.2,77.4,71.9,109.1,6.06,,52.7,75.4,155.2,0.73,0
SYN-PAT-000218,49.9,Female,North-Rural,157.4,51.5,20.8,0,1,1,111.3,52.9,67.9,112.3,5.32,,46.5,123.0,126.7,0.57,0
SYN-PAT-000219,67.0,Male,North-Rural,160.1,67.4,26.3,1,0,1,143.0,77.8,77.1,135.6,6.07,219.9,42.5,,,1.32,1
SYN-PAT-000220,66.7,Male,West-Urban,164.4,75.1,27.8,0,0,0,121.4,72.3,74.4,95.4,4.82,196.8,44.0,118.5,157.3,0.88,0
SYN-PAT-000221,47.4,Male,North-Urban,159.0,66.2,26.2,1,1,0,126.2,74.1,78.0,,4.61,220.4,46.0,159.7,47.0,1.06,0
SYN-PAT-000222,47.6,Male,North-Urban,154.3,50.7,21.3,0,0,1,118.1,68.6,79.7,114.0,5.54,203.6,44.7,127.4,112.2,1.28,0
SYN-PAT-000223,31.3,Female,East-Urban,149.1,32.2,14.5,0,0,1,103.2,67.2,60.8,71.1,4.59,158.9,63.5,86.9,116.3,0.84,0
SYN-PAT-000224,26.1,Female,East-Urban,161.4,64.1,24.6,0,0,1,110.3,64.2,74.7,108.2,5.56,170.6,49.3,94.4,,0.7,0
SYN-PAT-000225,32.5,Female,West-Rural,147.5,50.3,23.1,0,1,1,101.4,74.6,54.8,101.0,5.29,120.2,55.1,41.4,114.9,0.69,0
SYN-PAT-000226,37.7,Female,South-Rural,147.8,47.6,21.8,0,1,1,104.5,70.0,69.8,83.1,4.2,207.5,49.5,138.8,108.4,1.02,0
SYN-PAT-000227,68.2,Female,North-Rural,157.4,71.1,28.7,0,0,0,126.9,74.6,78.6,108.2,4.99,192.4,37.1,139.3,82.5,0.77,0
SYN-PAT-000228,31.8,Male,South-Rural,161.8,61.3,23.4,0,1,0,91.9,58.9,57.9,109.7,,160.5,40.6,92.5,126.2,1.04,0
SYN-PAT-000229,58.1,Female,North-Urban,152.7,47.1,20.2,0,1,1,127.2,77.1,64.8,106.1,4.3,169.5,53.0,84.8,120.4,1.33,0
SYN-PAT-000230,52.4,Female,West-Urban,159.6,44.6,17.5,0,0,0,128.4,71.9,70.7,88.4,4.92,190.7,56.7,123.1,133.0,1.01,0
SYN-PAT-000231,44.5,Male,North-Rural,159.2,50.9,20.1,0,2,1,125.1,64.8,67.3,105.0,5.11,144.3,40.3,69.5,144.1,0.99,0
SYN-PAT-000232,43.1,Male,East-Rural,166.9,93.0,33.4,0,1,0,122.9,73.5,69.2,112.0,5.88,163.4,46.4,65.4,,,0
SYN-PAT-000233,61.1,Male,North-Urban,155.0,67.5,28.1,0,2,1,121.7,76.8,57.3,110.1,5.57,194.9,43.3,127.0,119.0,1.02,0
SYN-PAT-000234,49.9,Male,North-Urban,165.1,69.2,25.4,0,0,0,131.9,77.7,72.1,102.4,4.89,168.3,45.8,126.4,88.3,0.96,0
SYN-PAT-000235,35.2,Female,North-Urban,140.7,45.7,23.1,0,2,0,120.6,74.0,52.0,68.3,4.2,182.9,51.0,103.6,100.3,0.83,0
SYN-PAT-000236,46.3,Male,West-Rural,161.6,61.4,23.5,1,1,0,128.0,72.8,,77.8,4.43,164.7,54.6,96.5,103.5,1.17,0
SYN-PAT-000237,40.9,Male,North-Rural,164.6,77.5,28.6,1,1,1,147.7,85.7,66.6,96.6,5.38,228.5,35.5,168.6,109.7,,0
SYN-PAT-000238,50.1,Female,East-Urban,147.7,49.7,22.8,0,1,0,120.6,79.6,67.8,101.2,4.2,202.2,58.8,106.6,196.2,0.53,0
SYN-PAT-000239,62.4,Female,South-Urban,159.6,70.3,27.6,0,0,1,128.6,79.0,68.4,118.8,5.62,215.6,48.1,143.7,165.0,0.52,0
SYN-PAT-000240,39.0,Male,East-Rural,175.9,70.2,22.7,1,2,1,115.9,64.8,53.1,97.8,4.65,158.6,,40.0,209.2,1.28,0
SYN-PAT-000241,70.4,Male,East-Rural,159.8,85.0,33.3,0,1,1,122.2,65.8,68.5,139.0,6.12,,41.4,189.4,181.0,,0
SYN-PAT-000242,69.1,Male,South-Rural,163.3,76.5,28.7,0,0,1,144.3,73.2,81.3,126.9,,,55.1,120.4,118.0,1.21,0
SYN-PAT-000243,65.7,Male,North-Rural,171.8,89.7,30.4,1,0,0,140.7,91.6,84.6,,4.54,182.1,34.9,121.1,135.3,,0
SYN-PAT-000244,31.2,Male,East-Urban,177.1,67.1,21.4,0,0,0,115.4,70.8,92.3,65.0,4.27,188.6,41.6,117.2,,0.91,0
SYN-PAT-000245,35.1,Male,North-Urban,156.8,68.3,27.8,0,1,0,139.0,91.8,84.6,78.5,,184.5,52.8,120.8,89.9,1.37,0
SYN-PAT-000246,65.9,Male,South-Urban,166.7,68.1,24.5,0,1,1,126.3,71.1,59.2,86.9,4.9,172.2,35.8,92.2,176.4,1.23,0
SYN-PAT-000247,45.1,Female,North-Rural,156.5,60.7,24.8,0,1,1,91.8,62.6,66.0,107.9,5.23,243.5,67.5,162.1,122.1,0.72,0
SYN-PAT-000248,62.8,Male,North-Rural,167.2,88.6,31.7,0,0,0,141.2,76.9,74.0,93.9,4.56,229.1,43.6,167.4,131.5,1.09,0
SYN-PAT-000249,70.4,Female,West-Rural,165.1,60.0,22.0,0,1,0,133.4,72.2,68.0,,4.42,195.2,66.5,,207.8,0.98,0
SYN-PAT-000250,66.1,Male,East-Urban,171.8,77.9,26.4,0,1,0,124.0,66.3,70.4,101.6,4.56,264.8,48.6,,133.7,1.0,1
SYN-PAT-000251,31.6,Male,South-Urban,179.4,81.4,25.3,0,0,0,117.6,61.7,93.0,107.4,5.53,196.5,44.2,145.3,93.0,1.26,0
SYN-PAT-000252,24.4,Male,North-Urban,168.9,71.6,25.1,1,0,0,124.1,75.5,63.3,102.2,5.12,168.5,32.5,106.4,118.1,0.95,0
SYN-PAT-000253,77.4,Male,North-Rural,160.3,63.2,24.6,0,0,0,126.1,79.9,66.3,,5.2,266.6,50.1,194.9,141.1,0.99,1
SYN-PAT-000254,23.7,Female,East-Rural,155.5,75.0,31.0,0,2,0,109.7,88.7,82.0,115.7,4.77,194.0,,112.7,230.4,0.8,0
SYN-PAT-000255,40.4,Female,West-Urban,171.4,56.4,19.2,0,1,0,130.2,68.1,62.8,65.0,4.33,189.4,46.7,116.7,162.2,1.11,0
SYN-PAT-000256,34.3,Female,East-Rural,157.4,72.6,29.3,0,2,0,109.1,67.0,70.9,128.7,6.05,,,81.2,116.3,0.97,0
SYN-PAT-000257,85.0,Male,South-Urban,172.8,93.8,31.4,0,0,0,148.2,73.1,82.9,130.4,5.01,217.2,37.0,169.9,167.6,1.14,1
SYN-PAT-000258,64.9,Male,West-Urban,170.7,95.6,32.8,0,2,0,106.0,78.5,72.6,113.6,5.28,192.9,36.9,140.2,90.5,0.9,0
SYN-PAT-000259,45.1,Male,North-Urban,163.0,48.9,18.4,0,1,0,96.6,69.8,69.5,69.0,4.2,214.6,50.9,152.7,125.0,1.24,0
SYN-PAT-000260,39.3,Female,South-Urban,152.9,48.6,20.8,0,1,0,115.1,61.9,76.4,78.0,4.44,128.3,52.0,54.1,89.9,0.52,0
SYN-PAT-000261,46.6,Female,North-Rural,142.1,61.0,30.2,0,0,0,140.0,70.0,66.2,112.0,5.04,227.7,46.3,160.7,157.1,0.97,0
SYN-PAT-000262,61.3,Male,West-Rural,172.1,53.9,18.2,0,1,0,106.8,73.0,63.6,102.7,5.25,,57.4,87.3,49.0,0.98,0
SYN-PAT-000263,35.6,Female,West-Rural,145.1,37.3,17.7,0,2,0,109.5,69.2,69.2,,4.94,165.7,50.3,96.9,108.5,1.02,0
SYN-PAT-000264,36.3,Male,East-Rural,176.4,68.5,22.0,0,0,1,108.1,73.0,54.2,,5.37,164.6,46.4,73.4,193.6,0.77,0
SYN-PAT-000265,61.5,Male,West-Rural,157.4,64.7,26.1,0,0,0,141.4,69.2,84.8,84.9,4.82,179.6,39.8,127.6,156.2,1.01,0
SYN-PAT-000266,54.6,Male,South-Rural,169.7,89.3,31.0,0,1,0,115.7,57.6,73.6,108.8,5.55,214.9,40.8,146.0,129.5,1.18,0
SYN-PAT-000267,51.6,Female,South-Urban,154.3,57.4,24.1,0,2,0,128.0,65.7,67.6,108.9,5.04,185.2,73.3,72.9,139.5,1.05,0
SYN-PAT-000268,43.0,Male,West-Rural,172.6,65.5,22.0,1,1,0,114.5,73.8,54.9,89.0,4.37,158.6,48.7,85.9,124.9,1.25,0
SYN-PAT-000269,36.8,Female,South-Rural,158.3,62.9,25.1,0,0,1,118.2,86.3,61.6,129.1,6.09,181.3,49.8,,223.4,0.9,0
SYN-PAT-000270,38.7,Male,South-Rural,189.9,93.0,25.8,1,0,0,124.0,68.7,69.3,92.7,,159.5,51.4,83.7,120.8,1.06,0
SYN-PAT-000271,59.1,Female,East-Urban,157.7,66.9,26.9,0,0,0,126.3,89.8,,101.7,5.51,178.5,57.6,92.0,103.7,1.13,0
SYN-PAT-000272,77.6,Female,East-Rural,152.2,59.5,25.7,0,2,0,144.2,82.6,49.0,119.6,5.59,162.3,58.8,80.6,166.5,0.82,0
SYN-PAT-000273,63.2,Male,South-Urban,169.8,52.2,18.1,0,1,0,124.6,59.3,74.5,113.9,4.87,173.1,45.9,111.6,141.1,0.97,0
SYN-PAT-000274,54.6,Female,South-Rural,149.1,47.8,21.5,0,1,0,120.7,71.5,65.6,68.6,4.96,198.0,51.4,98.3,159.1,0.67,0
SYN-PAT-000275,43.1,Male,North-Rural,161.7,77.7,29.7,0,0,0,118.6,78.4,71.8,78.8,5.04,187.6,30.1,112.5,181.0,0.53,0
SYN-PAT-000276,61.4,Male,West-Rural,166.0,71.9,26.1,0,2,0,130.8,55.3,68.9,,5.98,245.0,52.8,143.4,235.9,1.28,0
SYN-PAT-000277,69.0,Male,East-Urban,176.1,76.3,24.6,0,1,0,135.5,78.9,71.7,159.5,5.79,270.4,43.0,196.0,130.7,1.43,0
SYN-PAT-000278,61.3,Male,North-Urban,167.9,83.4,29.6,0,2,0,121.0,81.2,61.6,101.4,5.62,185.3,39.8,123.8,134.7,1.21,0
SYN-PAT-000279,53.8,Female,West-Rural,159.6,52.5,20.6,0,1,1,116.9,71.8,73.7,101.2,5.34,159.3,53.1,113.7,,0.96,0
SYN-PAT-000280,50.2,Male,West-Rural,172.2,70.9,23.9,0,2,0,109.2,67.6,,105.4,5.07,215.8,,119.2,166.5,1.04,0
SYN-PAT-000281,59.2,Female,West-Rural,150.7,58.6,25.8,0,2,0,128.0,71.5,62.9,117.9,6.11,201.7,44.2,150.5,,0.95,0
SYN-PAT-000282,40.6,Female,East-Urban,156.1,54.8,22.5,0,0,0,108.3,65.7,73.2,91.6,5.11,208.1,60.4,100.1,164.5,,0
SYN-PAT-000283,32.5,Male,North-Urban,177.7,75.8,24.0,1,2,0,127.5,63.3,63.3,108.3,4.86,184.0,39.5,128.2,104.2,1.26,0
SYN-PAT-000284,41.3,Female,East-Rural,155.1,56.5,23.5,0,0,1,124.7,66.2,56.6,80.7,4.67,172.5,62.7,63.3,202.9,0.74,0
SYN-PAT-000285,69.6,Male,South-Urban,170.2,59.7,20.6,0,1,0,118.7,66.1,74.8,83.9,4.32,187.6,38.3,,84.8,1.34,0
SYN-PAT-000286,39.0,Female,South-Urban,165.9,68.0,24.7,0,2,0,116.4,70.8,55.8,111.7,5.15,190.0,42.6,94.9,174.9,1.04,0
SYN-PAT-000287,45.4,Male,North-Urban,171.7,57.2,19.4,0,0,0,123.1,65.6,70.5,86.7,5.1,169.8,45.2,79.7,160.2,1.15,0
SYN-PAT-000288,52.6,Male,West-Urban,168.4,72.3,25.5,0,1,1,122.5,65.0,70.9,86.6,,221.8,28.9,164.2,167.2,1.14,0
SYN-PAT-000289,36.8,Female,West-Rural,164.6,78.8,29.1,0,1,0,110.2,75.6,70.7,71.8,4.73,145.3,56.8,,95.6,0.86,0
SYN-PAT-000290,48.2,Male,North-Rural,177.0,73.6,23.5,0,1,1,107.3,70.3,79.1,90.3,4.58,216.4,37.6,143.9,158.3,0.75,0
SYN-PAT-000291,33.1,Male,North-Urban,179.4,61.8,19.2,0,2,1,118.7,64.7,64.6,93.3,5.08,115.0,49.4,60.5,117.2,0.68,0
SYN-PAT-000292,38.8,Female,North-Urban,158.8,59.3,23.5,0,1,0,126.1,75.5,72.8,,5.39,180.4,51.9,119.6,51.6,0.98,0
SYN-PAT-000293,73.8,Female,South-Urban,163.4,61.4,23.0,0,2,1,131.6,69.4,65.5,108.6,4.38,189.2,60.9,93.2,220.5,0.82,0
SYN-PAT-000294,28.8,Male,South-Rural,162.8,68.1,25.7,1,0,0,126.8,73.0,77.9,95.0,5.09,130.0,37.2,62.8,112.1,0.71,0
SYN-PAT-000295,49.4,Female,North-Rural,146.0,51.4,24.1,0,0,1,86.0,70.4,84.1,98.3,5.0,126.2,63.3,40.0,200.8,0.45,0
SYN-PAT-000296,50.9,Female,South-Urban,155.0,75.2,31.3,0,0,1,144.5,73.6,75.2,138.2,6.42,162.8,45.5,85.1,157.1,0.85,0
SYN-PAT-000297,54.4,Male,East-Urban,173.0,88.0,29.4,0,1,0,127.0,64.9,77.2,149.0,6.35,194.8,34.9,105.3,198.7,1.15,0
SYN-PAT-000298,41.8,Male,North-Urban,167.2,66.0,23.6,0,0,0,118.7,69.0,84.5,83.4,4.99,161.5,46.2,89.3,95.0,1.09,0
SYN-PAT-000299,50.2,Male,West-Urban,153.6,64.6,27.4,1,1,1,127.0,62.8,81.6,119.4,5.34,,47.5,82.7,157.5,1.22,0
SYN-PAT-000300,54.0,Male,South-Rural,160.8,60.5,23.4,0,0,0,140.3,72.7,68.8,102.3,5.15,223.9,21.1,172.4,146.4,1.04,0
SYN-PAT-000301,27.3,Male,North-Rural,174.7,71.7,23.5,1,1,0,102.2,64.3,,87.1,5.27,134.3,,,105.6,0.92,0
SYN-PAT-000302,43.8,Female,East-Rural,154.5,54.9,23.0,0,0,0,135.3,55.1,74.1,102.3,5.12,,61.5,,94.5,1.03,0
SYN-PAT-000303,52.0,Female,North-Rural,155.3,66.8,27.7,0,1,1,130.9,78.0,79.7,120.5,5.66,165.0,52.2,91.8,45.0,1.0,0
SYN-PAT-000304,54.3,Female,North-Rural,155.8,73.8,30.4,0,1,1,137.1,74.8,75.7,107.9,4.68,163.2,,68.9,124.6,0.83,0
SYN-PAT-000305,40.6,Male,West-Rural,177.9,86.1,27.2,0,2,0,115.4,79.3,69.4,118.4,5.5,165.0,,61.3,169.7,1.05,0
SYN-PAT-000306,63.9,Female,North-Urban,153.9,68.7,29.0,0,1,1,118.0,73.2,74.2,122.0,,216.6,46.9,144.9,105.3,0.59,0
SYN-PAT-000307,48.0,Female,North-Urban,161.1,72.9,28.1,0,1,0,135.4,80.6,72.4,91.9,,149.4,,86.5,98.8,0.9,0
SYN-PAT-000308,40.3,Male,East-Rural,171.2,76.8,26.2,0,2,1,122.1,80.5,69.3,149.3,6.16,188.6,,137.4,76.9,0.89,0
SYN-PAT-000309,51.0,Female,East-Rural,151.1,46.6,20.4,1,1,0,141.7,73.2,67.0,87.9,5.16,153.6,50.4,77.4,,,0
SYN-PAT-000310,45.3,Female,East-Rural,163.7,82.8,30.9,0,0,0,122.8,73.2,71.8,106.0,4.89,167.6,55.1,102.9,116.8,0.69,0
SYN-PAT-000311,55.9,Male,South-Urban,163.0,84.8,31.9,0,2,0,126.8,62.6,83.2,110.1,5.6,208.7,50.3,118.9,216.9,1.11,0
SYN-PAT-000312,22.3,Female,South-Urban,154.4,52.7,22.1,0,1,0,121.7,79.6,72.8,78.4,5.32,224.8,57.8,139.6,142.2,0.67,0
SYN-PAT-000313,49.7,Female,North-Urban,161.3,60.6,23.3,0,0,0,144.0,74.5,67.2,101.3,4.84,157.7,62.7,,145.0,0.83,0
SYN-PAT-000314,63.2,Female,North-Urban,150.3,62.8,27.8,1,1,1,138.5,68.2,67.8,101.3,4.5,217.5,55.0,104.1,172.8,1.05,0
SYN-PAT-000315,62.7,Male,East-Rural,175.2,84.7,27.6,0,2,0,122.9,77.8,76.1,114.8,,188.0,52.6,122.2,127.0,1.04,0
SYN-PAT-000316,74.2,Male,South-Urban,159.0,64.2,25.4,0,2,1,146.1,60.3,60.3,86.1,4.32,188.3,49.6,112.2,130.0,1.56,0
SYN-PAT-000317,57.5,Female,South-Rural,149.4,45.5,20.4,0,2,0,119.9,66.2,52.8,,4.2,214.8,57.2,138.6,164.6,0.56,0
SYN-PAT-000318,34.3,Male,South-Urban,159.7,63.5,24.9,0,0,1,121.2,77.8,60.5,134.1,6.23,151.5,38.7,69.9,167.1,1.09,0
SYN-PAT-000319,28.0,Female,North-Urban,154.0,60.5,25.5,0,0,0,107.9,65.0,57.9,65.0,5.28,139.4,61.1,71.6,154.9,0.73,0
SYN-PAT-000320,36.1,Male,South-Urban,169.1,76.1,26.6,0,0,1,135.2,69.2,61.9,68.8,4.2,191.2,43.1,122.6,115.2,1.0,0
SYN-PAT-000321,43.9,Female,North-Urban,170.0,74.3,25.7,0,0,0,111.5,66.0,62.6,71.9,4.25,226.9,45.6,149.9,122.2,0.89,0
SYN-PAT-000322,39.8,Male,East-Rural,166.6,64.1,23.1,0,2,1,121.2,55.4,77.8,132.4,5.55,197.5,51.2,126.4,89.0,1.18,0
SYN-PAT-000323,47.9,Male,West-Rural,156.7,69.7,28.4,0,0,1,118.6,76.9,73.0,78.9,4.51,148.7,,78.2,181.7,1.08,0
SYN-PAT-000324,50.6,Male,East-Rural,174.3,76.0,25.0,0,1,0,119.7,69.8,66.4,78.6,5.57,168.6,46.0,110.0,59.7,1.23,0
SYN-PAT-000325,55.1,Female,East-Rural,147.9,50.7,23.2,0,1,0,119.0,68.0,56.8,69.1,4.25,214.0,50.0,149.2,48.1,0.91,0
SYN-PAT-000326,58.7,Female,South-Rural,155.7,59.4,24.5,0,1,1,135.9,72.1,68.2,105.5,5.06,234.7,41.2,162.9,63.0,0.77,0
SYN-PAT-000327,39.1,Male,West-Rural,164.4,47.0,17.4,0,0,1,121.3,68.9,55.8,85.5,5.45,175.6,48.7,109.9,45.0,0.98,0
SYN-PAT-000328,53.8,Female,South-Rural,161.0,62.7,24.2,0,0,0,130.8,77.8,,87.4,5.13,170.7,59.8,81.8,199.4,1.13,0
SYN-PAT-000329,59.3,Male,North-Urban,180.2,90.6,27.9,0,0,0,129.0,73.3,90.8,136.5,6.35,241.0,33.4,160.8,190.2,1.04,0
SYN-PAT-000330,52.5,Male,North-Rural,164.1,70.3,26.1,0,0,0,126.7,62.4,78.4,76.4,4.27,186.3,46.1,,96.3,,0
SYN-PAT-000331,26.9,Male,East-Urban,158.0,72.6,29.1,1,2,0,130.3,78.6,65.7,89.9,4.75,158.3,42.5,79.2,,,0
SYN-PAT-000332,46.2,Female,South-Rural,150.7,53.4,23.5,0,2,0,130.5,76.4,72.1,98.2,4.6,159.4,51.1,68.2,,0.94,0
SYN-PAT-000333,37.8,Male,North-Urban,174.0,78.1,25.8,0,1,0,85.0,64.9,65.3,74.1,4.98,145.0,31.7,74.7,155.1,0.78,0
SYN-PAT-000334,40.5,Male,West-Rural,168.0,76.5,27.1,0,2,0,116.0,78.6,60.2,103.3,5.78,261.1,53.9,158.7,228.7,0.95,0
SYN-PAT-000335,30.7,Male,South-Urban,163.8,86.9,32.4,0,0,0,115.7,72.3,88.8,,4.78,221.5,43.4,141.7,142.1,0.91,0
SYN-PAT-000336,41.8,Female,West-Rural,146.6,53.3,24.8,0,1,1,126.1,80.4,59.7,110.8,5.18,161.5,62.5,87.7,107.0,0.85,0
SYN-PAT-000337,49.9,Female,East-Rural,170.4,60.1,20.7,1,0,1,124.2,81.0,68.4,100.0,4.92,228.7,,150.6,,,1
SYN-PAT-000338,65.3,Female,East-Rural,160.6,74.3,28.8,0,1,1,143.0,81.4,73.1,81.8,,214.8,56.8,147.1,165.5,0.93,0
SYN-PAT-000339,63.6,Female,East-Rural,144.1,67.7,32.6,0,1,1,123.7,68.3,63.4,146.4,5.87,216.6,57.2,113.0,213.1,1.08,0
SYN-PAT-000340,38.1,Male,North-Urban,157.9,56.8,22.8,1,0,0,123.4,69.9,77.5,125.2,5.95,154.9,,86.2,130.1,0.9,0
SYN-PAT-000341,47.2,Male,East-Rural,173.1,83.0,27.7,0,0,1,134.3,84.0,70.6,106.8,4.91,172.4,35.1,122.8,131.9,1.36,0
SYN-PAT-000342,35.0,Female,South-Rural,162.6,75.4,28.5,0,0,1,99.7,56.2,79.0,90.0,5.02,,,85.2,192.2,1.07,0
SYN-PAT-000343,37.2,Male,South-Urban,164.7,75.4,27.8,1,1,1,154.2,76.2,75.2,133.2,5.25,125.4,55.9,40.0,161.4,0.9,0
SYN-PAT-000344,67.0,Female,East-Rural,159.6,66.7,26.2,0,0,1,147.4,74.6,70.7,150.0,6.08,184.3,55.7,103.4,153.8,0.8,0
SYN-PAT-000345,35.7,Female,North-Urban,142.3,42.9,21.2,1,1,0,117.6,62.6,83.1,81.9,4.46,171.7,59.7,98.5,87.3,0.98,0
SYN-PAT-000346,63.8,Female,South-Urban,154.4,60.1,25.2,1,1,0,126.5,78.8,63.9,97.4,4.53,231.3,64.5,120.4,142.5,1.01,0
SYN-PAT-000347,60.7,Female,East-Rural,162.2,71.3,27.1,0,1,0,128.3,76.1,81.5,101.2,5.54,177.6,51.5,84.4,175.9,1.05,0
SYN-PAT-000348,35.3,Male,North-Rural,166.8,76.0,27.3,0,1,1,117.6,65.6,80.1,74.6,5.04,201.3,38.2,144.3,103.5,0.85,0
SYN-PAT-000349,44.3,Female,West-Urban,145.2,54.0,25.6,0,0,0,125.4,76.7,87.7,88.9,4.48,124.7,47.2,74.6,86.9,,0
SYN-PAT-000350,54.6,Male,East-Rural,171.0,68.7,23.5,0,1,1,142.0,74.0,70.6,138.4,5.78,219.3,52.6,149.5,120.9,1.05,0
SYN-PAT-000351,74.4,Female,East-Urban,151.1,64.6,28.3,0,2,0,133.2,68.0,60.6,106.6,5.33,180.0,40.2,100.5,168.3,1.08,0
SYN-PAT-000352,76.5,Male,West-Rural,167.1,82.7,29.6,0,1,0,147.9,73.0,88.3,93.5,4.25,211.8,,120.3,232.9,1.01,0
SYN-PAT-000353,73.8,Female,South-Rural,149.2,61.4,27.6,0,1,0,122.5,75.4,67.3,117.4,4.89,215.4,59.1,140.4,119.2,0.99,0
SYN-PAT-000354,42.0,Female,South-Urban,150.0,47.2,21.0,0,1,0,109.9,74.4,61.6,75.2,,,57.5,72.8,133.5,0.59,0
SYN-PAT-000355,23.9,Female,South-Rural,141.9,45.1,22.4,0,0,0,110.7,64.3,70.2,80.6,4.22,162.3,52.4,,101.8,0.64,0
SYN-PAT-000356,40.5,Female,North-Rural,156.1,67.5,27.7,0,1,0,128.1,77.5,61.8,72.5,5.19,147.7,42.6,92.8,132.0,0.83,0
SYN-PAT-000357,27.3,Female,North-Rural,154.0,42.9,18.1,0,2,0,95.3,75.2,69.2,65.0,4.2,137.5,46.4,60.3,168.8,0.81,0
SYN-PAT-000358,47.9,Male,East-Urban,175.0,50.8,16.6,1,0,1,115.1,57.8,65.3,109.1,5.48,,55.9,114.5,119.8,1.14,0
SYN-PAT-000359,72.0,Male,South-Rural,162.3,83.8,31.8,0,2,0,158.1,83.9,65.8,115.3,5.4,191.1,39.1,112.0,,1.37,0
SYN-PAT-000360,58.4,Male,South-Urban,172.3,80.5,27.1,0,0,1,143.0,82.7,,99.7,5.08,190.5,36.4,124.2,191.5,0.87,0
SYN-PAT-000361,43.7,Male,North-Rural,168.9,75.9,26.6,1,1,0,129.1,72.6,75.2,97.3,5.94,141.4,35.6,71.5,175.3,,0
SYN-PAT-000362,46.7,Female,West-Urban,156.7,50.1,20.4,0,2,0,90.1,72.1,65.5,77.4,4.2,201.8,,131.8,84.0,0.69,0
SYN-PAT-000363,39.5,Female,North-Rural,156.8,66.1,26.9,0,2,0,148.7,94.2,68.4,79.8,5.02,,51.3,78.7,,0.78,0
SYN-PAT-000364,55.0,Male,East-Rural,176.9,81.4,26.0,1,2,1,132.1,76.3,66.9,131.9,,,59.0,125.0,165.6,1.15,0
SYN-PAT-000365,74.4,Male,East-Urban,170.6,58.5,20.1,1,2,0,134.2,70.7,61.6,113.1,6.83,165.6,52.7,84.6,146.0,1.14,0
SYN-PAT-000366,32.4,Male,West-Rural,167.5,81.6,29.1,0,0,0,110.2,77.2,73.5,93.5,4.58,207.3,,,119.2,1.01,0
SYN-PAT-000367,73.2,Male,North-Urban,175.8,82.5,26.7,1,1,1,147.4,83.7,74.1,121.7,5.31,202.8,37.4,113.3,209.3,1.32,1
SYN-PAT-000368,59.2,Female,West-Rural,160.0,60.7,23.7,0,0,0,131.3,54.0,71.1,97.4,5.43,,,112.1,120.4,0.81,0
SYN-PAT-000369,20.2,Female,West-Urban,154.1,51.1,21.5,0,0,0,114.7,68.6,75.2,87.9,4.75,206.6,55.3,131.8,125.7,0.69,0
SYN-PAT-000370,44.7,Female,West-Rural,158.9,42.2,16.7,0,0,1,101.6,61.3,63.3,80.3,4.4,170.1,58.5,82.7,,0.79,0
SYN-PAT-000371,28.3,Female,West-Urban,156.6,63.0,25.7,0,1,0,107.6,71.3,64.5,,5.64,162.0,55.0,78.7,112.0,0.92,0
SYN-PAT-000372,40.2,Female,North-Rural,145.8,53.4,25.1,0,1,0,141.8,74.2,63.3,98.2,4.98,204.6,,151.9,,0.79,0
SYN-PAT-000373,56.7,Female,South-Urban,152.8,57.0,24.4,0,2,0,128.6,71.9,61.5,92.8,4.58,147.6,54.9,63.3,128.4,0.84,0
SYN-PAT-000374,52.3,Male,South-Urban,162.4,78.3,29.7,1,1,0,131.9,68.4,81.6,93.8,5.4,121.8,43.4,58.5,164.5,0.9,0
SYN-PAT-000375,18.0,Male,East-Rural,160.5,45.1,17.5,0,0,0,87.4,66.9,76.8,88.2,4.95,188.0,,104.5,137.1,0.66,0
SYN-PAT-000376,35.4,Male,West-Urban,157.6,53.6,21.6,0,1,0,117.9,81.7,59.5,82.6,4.59,148.4,42.2,81.2,,0.73,0
SYN-PAT-000377,77.4,Male,South-Urban,161.4,60.2,23.1,0,0,1,148.5,70.1,75.7,103.5,5.01,225.1,41.5,136.0,230.6,1.12,0
SYN-PAT-000378,55.6,Female,East-Rural,165.4,65.7,24.0,0,1,0,135.4,63.4,65.9,89.6,4.5,189.1,52.7,127.1,88.7,1.23,0
SYN-PAT-000379,60.3,Female,North-Rural,161.4,66.7,25.6,0,2,0,125.8,72.4,60.8,114.3,5.75,160.2,63.0,65.2,158.4,1.07,0
SYN-PAT-000380,42.5,Male,North-Rural,166.0,71.4,25.9,0,1,1,123.7,71.7,57.1,76.8,4.52,198.6,37.5,135.9,128.1,1.25,0
SYN-PAT-000381,33.8,Female,West-Rural,152.8,52.3,22.4,0,2,0,131.6,81.4,74.1,79.3,4.33,160.3,67.6,,177.9,0.65,0
SYN-PAT-000382,64.4,Female,North-Rural,150.9,50.6,22.2,0,1,1,141.1,65.4,57.2,129.0,5.09,,68.8,,,,0
SYN-PAT-000383,56.7,Female,North-Rural,149.9,70.8,31.5,0,1,1,122.5,69.3,70.7,115.7,5.72,,58.8,72.0,183.0,0.98,0
SYN-PAT-000384,71.5,Female,West-Urban,159.2,89.2,35.2,0,1,0,112.6,56.1,64.0,122.4,5.5,163.1,,86.6,177.1,1.31,0
SYN-PAT-000385,69.7,Male,North-Urban,182.3,87.7,26.4,0,0,0,138.3,85.6,79.4,124.9,4.74,211.2,42.0,125.4,225.5,1.1,0
SYN-PAT-000386,55.4,Female,East-Urban,154.5,52.8,22.1,0,0,1,132.8,74.6,68.9,122.1,4.99,159.2,64.7,75.4,103.0,0.95,0
SYN-PAT-000387,47.8,Male,West-Rural,182.2,100.3,30.2,0,0,1,112.8,67.3,72.7,105.6,5.21,189.2,39.2,139.1,171.8,,0
SYN-PAT-000388,38.9,Male,West-Rural,160.8,47.8,18.5,0,0,0,111.0,57.0,70.0,80.4,4.55,165.3,,,79.3,0.98,0
SYN-PAT-000389,60.2,Female,East-Urban,149.5,53.6,24.0,0,0,0,124.3,62.2,74.8,114.7,5.3,,59.2,65.9,154.9,0.92,0
SYN-PAT-000390,74.2,Female,North-Urban,150.6,53.3,23.5,0,2,0,136.0,77.0,66.2,120.2,5.34,156.7,70.2,61.1,141.2,0.66,0
SYN-PAT-000391,68.0,Female,North-Rural,159.4,54.4,21.4,0,1,0,123.0,62.1,68.2,96.5,4.34,263.7,,,129.7,0.79,0
SYN-PAT-000392,29.7,Female,South-Urban,161.8,58.6,22.4,0,1,0,124.8,71.9,64.4,83.1,4.36,167.7,43.9,104.1,45.0,0.59,0
SYN-PAT-000393,43.6,Male,East-Rural,166.8,58.4,21.0,1,0,0,123.6,85.7,58.1,,5.46,227.5,41.3,143.3,142.7,0.74,0
SYN-PAT-000394,66.0,Male,West-Rural,173.4,77.3,25.7,0,0,1,121.5,68.7,,139.5,6.4,229.3,39.8,159.6,110.9,,1
SYN-PAT-000395,41.4,Male,East-Urban,168.7,69.2,24.3,1,0,0,134.4,66.5,78.4,110.5,5.59,170.0,29.9,115.4,85.9,1.13,0
SYN-PAT-000396,77.3,Female,South-Rural,157.9,59.8,24.0,0,1,1,121.7,73.7,,129.7,5.93,207.0,45.1,,,0.91,0
SYN-PAT-000397,54.7,Male,East-Rural,163.7,63.2,23.6,0,1,0,139.5,65.5,63.5,76.2,5.04,191.0,46.0,123.1,97.1,1.32,0
SYN-PAT-000398,41.9,Male,South-Rural,174.1,70.6,23.3,0,1,0,128.7,85.1,57.1,85.2,,229.7,49.0,126.8,,0.96,0
SYN-PAT-000399,61.7,Female,South-Rural,152.5,66.3,28.5,0,1,0,148.8,88.7,,100.8,5.21,220.4,55.0,134.4,179.7,1.05,0
SYN-PAT-000400,46.8,Male,West-Urban,174.9,73.1,23.9,0,1,0,118.1,68.8,63.2,118.4,4.98,159.4,40.6,80.5,163.8,1.12,0
SYN-PAT-000401,29.8,Female,West-Rural,166.9,74.1,26.6,0,0,0,107.0,61.7,80.4,85.3,4.36,184.0,37.9,124.6,86.8,1.03,0
SYN-PAT-000402,74.5,Male,North-Rural,155.5,68.7,28.4,0,1,1,140.1,73.0,65.6,144.4,6.23,227.9,42.2,155.6,179.7,1.08,0
SYN-PAT-000403,49.6,Male,West-Urban,176.5,83.5,26.8,0,1,0,123.0,69.8,73.4,87.5,5.33,154.4,42.1,91.9,120.5,1.13,0
SYN-PAT-000404,74.9,Female,South-Rural,153.4,74.1,31.5,0,1,1,134.1,78.7,66.0,117.2,5.48,223.2,49.3,123.6,219.8,0.86,0
SYN-PAT-000405,18.8,Male,North-Rural,169.9,53.7,18.6,0,0,0,93.5,70.8,76.3,83.5,5.45,195.1,36.8,139.5,116.6,1.15,0
SYN-PAT-000406,72.8,Female,North-Urban,160.4,62.5,24.3,0,0,0,130.2,65.1,69.3,132.0,5.85,175.4,45.6,119.2,130.3,0.83,0
SYN-PAT-000407,47.5,Female,South-Urban,142.1,63.2,31.3,0,0,0,112.6,78.6,63.6,99.0,4.85,171.2,39.5,81.4,,0.92,0
SYN-PAT-000408,40.0,Male,South-Rural,165.9,63.6,23.1,0,2,1,123.7,75.7,63.7,65.0,4.2,209.1,39.4,147.3,149.6,1.29,0
SYN-PAT-000409,61.5,Male,West-Rural,169.4,42.2,14.7,0,1,0,119.6,63.8,82.5,65.0,4.73,170.6,36.9,,63.7,0.89,0
SYN-PAT-000410,40.6,Female,South-Urban,156.8,57.5,23.4,0,2,0,112.5,60.5,81.3,,5.07,149.9,54.0,95.8,59.4,0.93,0
SYN-PAT-000411,42.7,Female,North-Rural,147.2,53.7,24.8,0,1,1,105.2,68.4,73.6,77.9,4.99,205.1,58.0,124.3,78.6,,0
SYN-PAT-000412,57.0,Female,South-Rural,139.2,29.5,15.2,0,0,1,104.3,56.5,68.9,82.1,4.2,194.3,51.9,97.1,189.0,1.3,0
SYN-PAT-000413,78.9,Female,East-Rural,152.6,73.4,31.5,0,1,0,167.4,90.9,73.7,115.8,5.65,,42.0,156.0,140.3,0.78,1
SYN-PAT-000414,60.0,Male,West-Urban,176.0,70.0,22.6,0,0,1,118.6,61.3,74.6,65.0,4.2,220.5,55.3,128.1,,0.82,0
SYN-PAT-000415,59.4,Male,West-Rural,162.2,69.7,26.5,0,2,0,136.5,79.0,,94.5,4.42,226.8,48.1,150.2,108.5,0.93,0
SYN-PAT-000416,35.2,Male,North-Urban,164.0,61.9,23.0,0,2,1,114.8,68.5,69.7,78.1,4.63,171.1,50.7,106.7,74.9,0.77,0
SYN-PAT-000417,36.2,Female,East-Urban,158.3,47.6,19.0,1,1,0,85.0,57.1,69.8,65.0,4.83,224.5,58.6,128.7,150.7,0.83,0
SYN-PAT-000418,48.2,Male,North-Urban,166.9,57.1,20.5,1,1,0,145.4,74.3,65.7,74.6,5.57,223.2,46.2,127.8,166.4,1.42,0
SYN-PAT-000419,51.6,Female,West-Urban,139.7,41.4,21.2,0,1,0,128.6,79.7,58.4,72.1,4.62,126.3,63.3,40.0,155.6,1.11,0
SYN-PAT-000420,43.9,Male,South-Rural,167.5,80.0,28.5,0,2,0,113.1,61.4,63.5,,4.99,156.8,,69.9,174.9,1.05,0
SYN-PAT-000421,59.8,Male,West-Urban,161.8,64.7,24.7,1,0,0,133.5,70.6,79.2,120.7,5.19,128.3,45.7,50.2,114.9,1.13,0
SYN-PAT-000422,57.0,Male,West-Rural,180.2,75.0,23.1,0,1,1,111.1,62.6,68.8,101.4,5.56,178.6,38.4,117.9,176.9,0.96,0
SYN-PAT-000423,37.8,Female,North-Urban,158.2,51.1,20.4,0,1,1,134.0,72.2,70.9,86.0,4.33,138.0,56.1,47.0,129.0,0.92,0
SYN-PAT-000424,58.1,Female,East-Urban,158.1,74.2,29.7,0,2,0,120.3,67.1,65.3,97.5,5.43,173.5,65.8,80.0,145.9,0.88,0
SYN-PAT-000425,48.1,Female,East-Rural,152.5,70.0,30.1,0,2,0,119.7,59.0,58.8,81.5,4.97,,63.4,,158.3,0.9,0
SYN-PAT-000426,71.9,Male,South-Urban,153.0,71.4,30.5,0,2,0,130.7,66.9,65.8,88.3,5.06,157.1,50.0,60.7,219.1,1.05,0
SYN-PAT-000427,62.2,Female,West-Urban,150.3,61.7,27.3,0,1,0,132.3,86.5,61.4,73.9,4.2,199.7,46.7,110.8,174.3,0.75,0
SYN-PAT-000428,71.9,Female,East-Rural,160.0,69.4,27.1,0,0,1,153.0,80.5,63.8,95.2,,205.6,43.6,,74.4,1.06,0
SYN-PAT-000429,29.3,Female,North-Urban,149.0,41.7,18.8,0,1,0,127.5,72.2,78.2,108.6,4.55,162.2,57.4,80.3,145.1,0.79,0
SYN-PAT-000430,25.6,Male,East-Urban,162.9,59.2,22.3,0,1,0,102.2,64.0,65.3,69.9,4.22,170.0,47.6,101.4,148.7,0.79,0
SYN-PAT-000431,32.4,Female,South-Urban,156.4,51.4,21.0,0,1,0,114.2,67.9,62.2,65.0,4.78,,54.3,51.0,100.4,0.64,0
SYN-PAT-000432,43.6,Male,West-Rural,178.5,55.4,17.4,0,0,0,113.7,63.9,84.4,72.6,5.02,149.5,54.0,66.9,120.1,1.11,0
SYN-PAT-000433,58.7,Male,East-Urban,173.9,88.3,29.2,0,1,0,119.3,75.9,77.5,75.9,4.81,239.3,49.0,159.2,,1.17,0
SYN-PAT-000434,42.6,Male,East-Rural,166.4,59.8,21.6,0,0,0,144.8,76.0,68.5,89.3,4.61,,,62.5,45.0,1.4,0
SYN-PAT-000435,44.5,Female,North-Rural,150.8,65.7,28.9,0,2,0,139.3,67.4,71.1,97.6,5.86,233.2,45.2,168.4,131.2,1.14,0
SYN-PAT-000436,50.0,Female,North-Rural,152.9,65.7,28.1,1,0,0,133.6,76.6,71.3,100.6,4.93,149.7,41.5,83.0,135.0,0.69,1
SYN-PAT-000437,32.2,Female,South-Urban,139.6,50.1,25.7,0,1,0,132.5,55.3,63.8,88.7,4.4,131.9,55.1,50.5,122.7,0.78,0
SYN-PAT-000438,64.8,Female,West-Urban,153.7,65.9,27.9,0,0,0,147.9,80.9,77.3,98.6,5.46,171.9,,65.5,139.5,0.76,0
SYN-PAT-000439,37.4,Female,South-Urban,161.0,56.0,21.6,0,0,0,113.9,57.9,68.9,65.0,4.58,204.7,45.3,126.0,149.8,,0
SYN-PAT-000440,44.8,Male,South-Urban,187.3,110.2,31.4,1,2,1,135.2,75.3,68.7,112.5,5.23,174.4,33.2,119.3,121.4,1.45,0
SYN-PAT-000441,48.7,Female,North-Rural,151.8,57.1,24.8,0,0,0,140.0,66.2,81.1,113.2,5.44,,,79.5,,1.18,0
SYN-PAT-000442,72.2,Male,East-Rural,153.1,63.8,27.2,0,0,1,125.4,72.7,80.8,152.0,6.4,204.5,48.4,114.7,191.4,1.06,0
SYN-PAT-000443,41.2,Female,West-Urban,151.4,49.7,21.7,0,0,0,135.1,77.5,67.0,83.5,4.84,174.2,56.0,81.9,182.5,1.09,0
SYN-PAT-000444,47.6,Male,South-Urban,168.9,59.9,21.0,0,1,0,115.3,79.8,72.6,87.1,5.02,214.7,42.1,116.9,201.3,1.28,0
SYN-PAT-000445,77.2,Male,North-Rural,168.7,80.0,28.1,1,1,0,164.6,70.0,60.7,119.5,,,45.7,123.2,245.1,0.93,1
SYN-PAT-000446,58.3,Male,South-Urban,162.5,68.7,26.0,1,0,0,134.1,81.5,76.6,127.1,5.92,160.0,52.2,81.0,,1.27,0
SYN-PAT-000447,71.7,Male,South-Urban,169.8,66.3,23.0,1,1,1,143.0,76.2,70.3,104.9,5.21,189.4,,135.6,167.8,1.12,0
SYN-PAT-000448,60.0,Male,West-Urban,158.7,49.9,19.8,1,0,0,129.4,67.9,74.4,105.3,4.95,234.5,44.3,160.9,104.9,1.19,0
SYN-PAT-000449,31.9,Male,West-Urban,160.9,48.7,18.8,1,2,0,107.1,71.8,62.4,65.5,4.24,175.1,52.9,72.1,247.5,1.48,0
SYN-PAT-000450,36.7,Female,East-Urban,144.0,58.9,28.4,0,2,1,115.0,69.0,85.1,112.6,5.39,138.6,50.2,44.7,166.3,1.09,0
SYN-PAT-000451,56.2,Female,South-Urban,153.4,53.4,22.7,0,2,0,140.7,80.0,58.3,112.6,4.7,146.4,50.6,,199.6,0.93,0
SYN-PAT-000452,61.2,Female,North-Rural,158.8,60.8,24.1,0,2,0,100.3,58.8,74.5,75.7,4.34,216.5,53.2,,166.3,1.15,0
SYN-PAT-000453,41.0,Female,East-Rural,159.8,75.8,29.7,0,0,0,106.9,64.6,64.9,88.7,5.0,204.9,,146.6,45.0,0.46,0
SYN-PAT-000454,74.7,Female,North-Rural,159.4,55.6,21.9,0,0,0,124.9,78.0,,118.6,,171.9,53.3,81.4,119.8,1.1,0
SYN-PAT-000455,38.0,Female,North-Rural,156.9,52.2,21.2,1,1,0,105.9,77.7,73.4,97.0,4.73,194.0,49.4,135.2,92.6,0.89,0
SYN-PAT-000456,49.1,Female,South-Urban,153.7,51.3,21.7,0,0,0,137.5,73.4,72.1,109.6,6.35,225.6,55.7,151.5,115.3,1.04,0
SYN-PAT-000457,43.9,Female,East-Urban,158.5,76.6,30.5,0,0,1,139.1,55.7,,127.6,5.26,228.9,54.7,140.0,167.2,0.8,0
SYN-PAT-000458,63.0,Female,South-Rural,148.8,73.3,33.1,0,0,1,143.8,77.0,75.7,,5.42,248.5,,,195.7,1.06,0
SYN-PAT-000459,23.5,Male,West-Rural,169.1,74.3,26.0,0,1,0,101.3,67.2,72.0,125.9,5.29,,41.9,165.0,45.0,1.03,0
SYN-PAT-000460,31.1,Female,South-Rural,155.4,64.0,26.5,0,1,0,129.6,71.6,85.1,92.5,4.95,169.9,,90.0,,0.45,0
SYN-PAT-000461,31.1,Male,South-Rural,175.2,65.7,21.4,0,0,0,90.2,65.7,64.2,65.0,4.2,157.5,36.5,90.6,96.0,0.84,0
SYN-PAT-000462,58.2,Female,North-Rural,143.1,66.8,32.6,0,0,0,159.4,78.2,,103.7,5.21,199.4,,109.1,,0.84,1
SYN-PAT-000463,55.1,Male,South-Urban,166.7,72.3,26.0,0,1,0,118.1,77.0,72.2,90.5,4.63,165.4,45.4,,173.4,1.19,0
SYN-PAT-000464,49.6,Male,West-Urban,166.9,77.7,27.9,1,0,1,127.8,64.6,71.0,125.5,6.16,178.6,35.5,135.9,,1.31,1
SYN-PAT-000465,85.0,Male,West-Rural,185.6,90.9,26.4,0,2,1,138.0,84.5,66.0,,5.49,245.5,49.0,154.9,182.9,1.15,0
SYN-PAT-000466,20.0,Male,South-Rural,175.1,67.1,21.9,0,0,0,90.7,75.0,80.8,99.4,4.62,117.1,36.5,84.4,45.0,0.65,0
SYN-PAT-000467,43.7,Female,North-Urban,150.6,69.4,30.6,0,1,0,147.1,71.6,46.9,110.4,5.8,,51.1,57.8,180.0,0.92,0
SYN-PAT-000468,75.7,Male,North-Urban,168.7,80.5,28.3,0,0,0,149.1,71.3,68.2,92.2,4.59,229.3,53.8,171.1,154.8,1.03,0
SYN-PAT-000469,38.5,Male,North-Urban,165.5,80.8,29.5,0,0,0,134.8,78.5,58.8,94.3,,173.5,32.3,116.2,111.1,0.98,0
SYN-PAT-000470,71.2,Male,East-Rural,167.0,75.0,26.9,0,1,0,121.3,62.8,59.8,92.6,5.01,147.5,44.6,89.1,219.1,1.1,0
SYN-PAT-000471,50.2,Male,South-Urban,158.8,54.2,21.5,0,1,0,122.0,66.5,89.1,94.5,5.83,179.6,35.8,119.5,143.5,1.16,0
SYN-PAT-000472,65.8,Female,North-Rural,145.9,49.8,23.4,0,2,0,136.3,82.2,71.2,85.8,4.2,188.0,52.9,119.2,121.8,1.05,0
SYN-PAT-000473,18.0,Male,North-Rural,181.6,76.5,23.2,1,1,0,112.8,74.2,77.1,81.8,4.2,150.4,51.3,99.0,85.6,0.9,0
SYN-PAT-000474,68.9,Female,South-Urban,154.4,56.0,23.5,0,0,0,117.9,84.7,71.4,,5.37,215.1,43.6,130.0,167.9,1.26,0
SYN-PAT-000475,47.4,Male,East-Urban,149.3,45.2,20.3,0,0,1,130.2,72.9,77.8,97.7,4.72,140.7,50.4,72.3,138.5,1.11,0
SYN-PAT-000476,55.9,Female,West-Urban,169.3,84.8,29.6,0,0,0,131.3,70.1,58.6,140.9,6.29,195.1,57.2,102.9,160.4,0.86,0
SYN-PAT-000477,39.9,Male,West-Rural,176.2,68.3,22.0,0,0,0,103.1,66.6,,81.2,4.33,169.3,44.0,111.9,,0.91,0
SYN-PAT-000478,64.8,Female,East-Urban,150.0,58.7,26.1,0,1,0,109.5,67.7,62.8,68.1,4.57,197.4,56.4,119.4,112.2,0.8,0
SYN-PAT-000479,54.9,Female,West-Urban,150.5,59.1,26.1,0,2,0,133.6,73.1,62.3,117.3,6.28,141.4,54.3,69.4,117.2,0.75,0
SYN-PAT-000480,40.4,Male,East-Rural,161.6,57.2,21.9,0,1,1,144.2,75.0,73.0,117.9,4.9,,,93.6,117.0,0.8,0
SYN-PAT-000481,43.3,Male,South-Urban,164.5,80.6,29.8,0,1,0,110.9,63.2,73.4,65.0,4.96,187.4,32.7,119.4,147.9,,0
SYN-PAT-000482,24.8,Male,East-Urban,179.2,60.7,18.9,0,1,1,105.7,67.9,68.7,77.0,4.88,176.9,41.6,117.0,97.6,,0
SYN-PAT-000483,47.1,Female,West-Rural,146.4,54.7,25.5,1,2,0,140.9,65.0,55.0,102.9,4.53,235.8,47.2,138.1,135.9,0.96,0
SYN-PAT-000484,66.5,Female,East-Rural,151.7,61.2,26.6,0,0,0,117.9,65.4,73.7,113.7,5.68,,57.2,125.6,238.3,0.9,0
SYN-PAT-000485,61.7,Male,South-Rural,167.5,70.7,25.2,1,1,0,129.5,72.1,77.7,100.5,5.18,206.2,43.3,142.4,,1.12,0
SYN-PAT-000486,54.4,Male,South-Rural,167.4,56.0,20.0,0,2,1,110.5,50.3,60.7,103.2,5.16,217.9,43.0,140.6,181.0,1.26,0
SYN-PAT-000487,37.8,Male,East-Rural,177.0,85.5,27.3,0,0,0,129.8,79.4,84.3,76.8,4.85,,36.2,87.9,157.8,1.04,0
SYN-PAT-000488,22.1,Female,West-Urban,159.4,65.8,25.9,0,0,1,124.0,56.6,65.3,65.0,4.29,211.9,58.1,136.3,124.8,,0
SYN-PAT-000489,75.6,Male,South-Urban,164.8,64.4,23.7,0,2,0,137.6,79.3,66.2,141.0,5.96,,55.9,133.1,175.7,,0
SYN-PAT-000490,77.7,Female,South-Rural,155.7,70.5,29.1,0,1,0,131.3,64.8,83.6,94.6,,195.8,53.9,106.8,184.7,1.2,0
SYN-PAT-000491,38.2,Male,South-Urban,168.9,72.5,25.4,0,0,0,111.2,65.9,,94.6,5.36,232.1,48.5,157.0,167.2,1.06,0
SYN-PAT-000492,59.3,Female,East-Urban,149.6,45.7,20.4,0,1,0,116.3,72.5,77.3,90.5,4.2,198.4,59.2,125.6,95.2,1.09,0
SYN-PAT-000493,30.6,Female,South-Rural,149.6,45.4,20.3,0,0,0,96.3,80.7,88.1,97.9,5.6,228.6,52.4,158.3,143.4,0.69,0
SYN-PAT-000494,48.1,Male,West-Rural,169.5,83.0,28.9,0,1,0,123.7,73.7,71.9,102.0,4.71,197.3,45.9,121.3,158.0,0.8,0
SYN-PAT-000495,63.7,Male,West-Rural,168.0,75.4,26.7,0,0,0,138.6,60.5,68.4,106.1,,180.6,50.0,116.1,,1.25,0
SYN-PAT-000496,37.9,Female,East-Urban,150.3,49.2,21.8,0,0,1,119.2,76.8,65.1,65.0,4.42,152.2,57.4,76.8,126.6,0.86,0
SYN-PAT-000497,54.9,Female,West-Rural,156.6,53.2,21.7,0,1,1,122.5,68.6,,90.3,,174.7,61.5,96.2,81.4,0.96,0
SYN-PAT-000498,39.4,Female,South-Urban,158.9,55.8,22.1,0,1,1,115.1,69.4,79.6,113.0,5.58,159.0,60.1,71.5,102.5,0.57,0
SYN-PAT-000499,79.0,Male,West-Urban,168.0,70.0,24.8,0,2,0,137.5,78.8,78.8,118.7,5.08,239.6,44.3,168.3,157.6,1.11,1
SYN-PAT-000500,76.2,Female,South-Urban,154.0,54.8,23.1,0,0,1,119.9,53.5,71.7,98.5,5.55,,55.4,113.8,93.9,0.84,0
SYN-PAT-000501,61.1,Female,West-Urban,151.5,42.9,18.7,0,2,1,125.4,70.1,73.7,75.4,4.22,139.9,67.7,45.3,130.6,1.02,0
SYN-PAT-000502,58.1,Male,West-Rural,169.6,84.9,29.5,0,0,0,124.0,70.0,73.2,107.0,4.66,202.0,35.8,119.7,163.6,,0
SYN-PAT-000503,25.9,Male,North-Urban,174.4,81.8,26.9,0,0,0,94.9,75.0,65.5,,5.15,175.5,49.4,88.7,159.4,0.87,0
SYN-PAT-000504,80.0,Male,East-Rural,168.1,61.3,21.7,0,2,0,140.8,79.8,75.2,82.6,4.81,187.8,51.4,103.8,137.3,1.42,0
SYN-PAT-000505,72.1,Female,West-Urban,148.8,58.7,26.5,0,1,0,128.8,61.0,83.8,138.1,6.3,209.1,48.3,116.0,175.0,1.28,0
SYN-PAT-000506,45.9,Male,North-Rural,171.0,61.4,21.0,0,0,1,119.8,79.0,62.8,126.8,5.22,176.7,,124.2,123.1,1.09,0
SYN-PAT-000507,85.0,Male,East-Rural,168.1,72.9,25.8,1,0,1,158.8,82.9,63.9,131.4,4.92,226.9,,167.1,154.3,1.42,1
SYN-PAT-000508,72.8,Male,West-Rural,167.9,69.9,24.8,0,1,1,123.7,59.9,69.8,122.0,6.32,216.1,53.5,157.9,89.1,1.07,0
SYN-PAT-000509,68.4,Male,South-Urban,160.8,62.6,24.2,0,1,0,133.2,73.9,77.4,66.8,4.45,206.6,37.0,137.8,149.4,1.04,0
SYN-PAT-000510,59.1,Female,West-Urban,151.1,75.1,32.9,1,2,0,118.7,80.6,58.8,96.2,5.39,,53.8,65.8,202.3,1.1,0
SYN-PAT-000511,45.5,Male,South-Urban,167.7,64.1,22.8,1,1,0,142.7,66.0,70.9,85.6,5.1,,38.1,190.6,92.6,0.92,1
SYN-PAT-000512,59.5,Female,East-Rural,155.6,53.7,22.2,1,2,0,115.2,79.2,60.8,82.8,4.59,144.6,63.9,55.5,132.2,1.04,0
SYN-PAT-000513,69.4,Female,West-Urban,153.4,54.1,23.0,0,1,1,125.5,60.1,75.0,106.5,5.33,192.0,48.6,114.9,,1.3,0
SYN-PAT-000514,65.8,Female,South-Urban,153.2,69.5,29.6,0,2,0,151.4,73.2,60.9,131.3,,170.5,56.7,45.7,213.4,1.14,1
SYN-PAT-000515,18.0,Female,East-Urban,163.8,44.3,16.5,0,0,0,95.1,55.7,76.9,65.0,4.29,165.5,57.1,97.3,93.5,0.66,0
SYN-PAT-000516,36.8,Male,South-Rural,175.7,64.8,21.0,0,2,0,97.7,75.0,64.2,79.0,5.07,175.9,,92.4,131.9,0.7,0
SYN-PAT-000517,50.8,Male,South-Urban,170.4,87.7,30.2,1,0,1,142.1,73.5,65.8,,4.87,187.4,33.3,122.8,156.4,1.13,0
SYN-PAT-000518,64.0,Male,West-Urban,167.6,74.4,26.5,0,2,0,140.0,66.9,67.4,77.6,5.21,238.8,41.6,,136.3,1.34,1
SYN-PAT-000519,72.6,Male,West-Rural,169.9,77.4,26.8,1,0,1,135.1,78.0,56.5,103.9,4.55,233.3,,169.9,117.1,1.16,0
SYN-PAT-000520,49.1,Female,West-Rural,153.4,76.9,32.7,0,1,1,122.5,78.6,,104.0,5.78,184.9,56.4,91.4,150.5,1.06,0
SYN-PAT-000521,39.1,Female,East-Rural,157.0,61.6,25.0,0,1,1,111.5,73.9,72.4,104.2,5.39,200.8,48.7,120.0,149.4,0.87,0
SYN-PAT-000522,39.8,Male,East-Rural,165.4,58.5,21.4,1,2,1,117.5,67.1,50.5,92.6,4.88,218.3,44.7,137.8,128.5,1.05,0
SYN-PAT-000523,81.7,Male,East-Rural,180.1,82.7,25.5,1,1,0,123.8,73.7,47.8,103.3,5.16,237.4,39.9,166.0,230.5,1.16,0
SYN-PAT-000524,61.8,Female,West-Rural,159.4,53.6,21.1,1,0,0,129.7,66.9,,83.3,4.62,184.6,,100.5,179.8,0.7,0
SYN-PAT-000525,57.8,Male,North-Urban,165.6,82.0,29.9,1,1,1,158.6,93.3,,97.8,4.79,151.8,,66.0,213.7,1.09,0
SYN-PAT-000526,33.9,Female,West-Urban,150.8,58.9,25.9,0,0,1,103.9,76.1,72.1,113.3,5.32,,50.4,131.7,45.9,0.69,0
SYN-PAT-000527,51.7,Female,West-Rural,150.9,66.3,29.1,0,0,0,120.1,80.2,69.0,95.5,6.1,210.1,49.1,,220.8,0.99,0
SYN-PAT-000528,33.9,Female,East-Urban,145.6,60.0,28.3,0,0,1,102.4,73.9,81.4,116.6,6.1,157.3,51.0,69.6,149.2,0.76,0
SYN-PAT-000529,38.0,Female,West-Rural,149.4,50.0,22.4,0,0,0,121.2,74.2,,67.4,4.2,175.1,57.2,90.8,141.9,,0
SYN-PAT-000530,70.6,Male,East-Urban,169.5,64.1,22.3,0,1,0,146.2,66.4,71.1,88.4,4.98,193.2,33.3,130.8,188.2,1.26,0
SYN-PAT-000531,77.8,Male,West-Rural,173.8,79.1,26.2,0,2,0,153.2,83.2,67.0,,,,44.3,,168.1,1.16,0
SYN-PAT-000532,69.1,Female,West-Rural,147.2,48.8,22.5,0,2,0,116.1,70.0,61.9,97.7,4.98,246.7,43.3,205.7,104.9,,0
SYN-PAT-000533,67.2,Male,North-Urban,165.4,72.2,26.4,0,0,0,139.3,84.9,75.4,117.9,5.06,231.2,52.7,135.4,220.1,1.07,1
SYN-PAT-000534,53.5,Male,East-Urban,166.3,80.8,29.2,1,0,0,151.4,85.0,,,5.29,190.3,37.1,126.0,123.9,1.16,0
SYN-PAT-000535,65.5,Female,North-Urban,153.7,59.1,25.0,0,0,0,137.3,78.7,70.9,115.2,5.81,227.6,45.8,164.9,,0.92,0
SYN-PAT-000536,55.6,Female,East-Urban,164.2,69.0,25.6,0,0,1,132.0,61.0,68.7,117.4,5.11,207.9,51.3,127.2,137.9,0.74,0
SYN-PAT-000537,70.1,Male,North-Urban,174.9,78.0,25.5,1,0,0,134.5,73.5,69.7,102.4,6.07,197.0,38.2,124.4,142.9,1.36,0
SYN-PAT-000538,51.1,Male,North-Urban,176.9,87.0,27.8,0,0,0,128.3,69.3,53.7,82.6,5.51,248.1,,182.0,150.5,1.1,0
SYN-PAT-000539,43.9,Male,East-Urban,160.6,56.2,21.8,1,1,0,137.5,75.6,71.1,102.6,5.38,156.9,53.8,44.1,123.6,1.1,0
SYN-PAT-000540,40.7,Female,North-Urban,151.7,36.4,15.8,0,1,0,113.7,63.5,56.9,65.0,4.2,185.2,55.0,104.5,165.0,0.67,0
SYN-PAT-000541,66.7,Male,West-Rural,164.0,74.0,27.5,1,1,0,125.0,70.6,75.5,105.1,5.45,222.8,47.6,122.6,,0.96,1
SYN-PAT-000542,58.4,Female,East-Urban,153.0,67.9,29.0,0,0,0,125.2,76.6,72.7,103.2,5.38,187.6,61.3,92.8,123.5,0.9,0
SYN-PAT-000543,47.4,Female,North-Urban,143.3,53.8,26.2,0,1,1,136.8,71.6,70.7,104.4,5.47,200.8,46.9,134.3,112.6,0.54,0
SYN-PAT-000544,44.6,Male,West-Rural,180.6,71.4,21.9,1,2,0,127.0,72.3,71.7,82.4,5.45,204.6,,131.3,112.3,,0
SYN-PAT-000545,62.6,Female,West-Rural,145.0,44.4,21.1,0,0,1,127.7,59.9,63.6,92.8,4.85,,,149.7,124.6,0.83,0
SYN-PAT-000546,28.4,Female,East-Rural,169.2,72.4,25.3,0,0,1,104.4,61.2,75.7,,5.46,184.9,59.6,89.5,103.5,0.69,0
SYN-PAT-000547,24.0,Female,North-Rural,148.7,52.4,23.7,1,0,1,127.6,77.0,74.4,120.8,5.71,169.9,49.6,128.5,70.9,0.84,0
SYN-PAT-000548,56.8,Female,East-Urban,153.9,58.3,24.6,0,0,0,146.0,67.2,70.8,88.9,4.77,211.7,63.0,,158.1,0.93,0
SYN-PAT-000549,39.5,Male,North-Urban,166.0,85.4,31.0,1,1,0,143.2,87.0,63.1,96.9,6.24,179.4,39.5,122.8,130.9,0.83,0
SYN-PAT-000550,47.4,Female,East-Rural,153.1,49.0,20.9,0,0,0,135.1,80.2,76.5,86.8,5.18,170.1,50.6,116.3,88.1,,0
SYN-PAT-000551,70.9,Female,North-Rural,153.1,76.6,32.7,0,1,0,136.4,74.7,77.4,133.7,5.71,208.8,49.1,123.7,200.3,0.74,1
SYN-PAT-000552,70.8,Female,West-Urban,157.7,64.9,26.1,0,0,0,129.1,95.6,73.7,140.1,5.99,233.4,39.1,137.9,196.9,0.6,0
SYN-PAT-000553,55.3,Female,West-Urban,164.9,48.9,18.0,0,1,1,117.8,77.5,58.7,103.5,5.38,131.5,43.5,70.0,115.9,,0
SYN-PAT-000554,58.7,Male,North-Urban,175.1,75.1,24.5,0,0,0,127.5,65.2,67.9,95.6,,165.0,45.7,60.1,222.0,0.85,0
SYN-PAT-000555,85.0,Female,West-Urban,164.6,82.4,30.4,0,1,0,163.7,87.6,70.3,96.4,5.2,278.4,58.6,159.0,277.8,1.37,0
SYN-PAT-000556,70.9,Male,North-Rural,168.7,70.0,24.6,0,0,0,147.8,77.3,78.3,77.5,4.31,206.2,50.9,118.9,178.1,1.28,0
SYN-PAT-000557,35.0,Female,East-Urban,157.1,44.9,18.2,0,0,1,115.1,61.9,57.3,65.0,4.2,156.1,44.8,84.0,90.9,0.85,0
SYN-PAT-000558,43.4,Female,West-Rural,156.0,57.7,23.7,0,2,0,100.8,58.2,61.4,76.9,4.7,201.8,60.3,122.2,144.0,0.71,0
SYN-PAT-000559,68.6,Male,West-Rural,170.7,65.9,22.6,1,1,0,116.6,76.8,65.5,65.0,4.46,,32.6,118.2,98.3,0.99,0
SYN-PAT-000560,47.4,Male,North-Rural,159.2,66.9,26.4,0,0,0,125.3,67.9,72.1,,5.7,126.5,48.4,60.8,,0.98,0
SYN-PAT-000561,73.1,Female,West-Urban,153.6,68.4,29.0,0,1,0,149.4,77.7,59.4,117.7,5.28,215.1,60.3,134.6,100.6,,0
SYN-PAT-000562,29.0,Male,West-Rural,176.6,60.5,19.4,1,1,1,111.4,60.3,66.3,87.4,4.2,144.6,52.5,76.8,82.7,1.15,0
SYN-PAT-000563,44.7,Female,West-Urban,158.5,54.5,21.7,0,1,1,140.0,68.6,66.0,,5.07,180.8,66.1,90.6,76.4,0.76,0
SYN-PAT-000564,33.4,Male,South-Rural,170.9,77.7,26.6,1,0,0,107.9,67.7,64.1,71.8,5.07,185.8,55.2,87.1,159.0,1.03,0
SYN-PAT-000565,35.9,Male,South-Urban,176.3,64.0,20.6,0,2,0,96.7,67.3,64.4,69.5,4.2,174.9,44.8,,86.5,1.11,0
SYN-PAT-000566,35.2,Male,West-Rural,166.2,54.4,19.7,0,0,1,102.1,50.0,66.6,65.0,4.2,,47.2,,126.5,,0
SYN-PAT-000567,18.0,Male,South-Rural,158.0,45.7,18.3,0,0,0,91.0,62.5,75.0,,4.65,157.3,47.9,97.6,128.7,0.9,0
SYN-PAT-000568,44.6,Female,East-Urban,161.9,67.4,25.7,0,0,1,126.6,66.9,65.1,91.8,4.7,,47.8,96.0,188.4,0.71,0
SYN-PAT-000569,67.1,Male,East-Urban,172.3,79.9,26.9,1,1,0,134.7,85.1,70.7,105.2,4.95,159.6,45.6,108.2,145.8,1.13,0
SYN-PAT-000570,45.1,Female,North-Rural,154.1,51.8,21.8,0,2,0,98.7,87.2,58.8,107.5,4.84,135.8,55.4,55.1,141.8,0.73,0
SYN-PAT-000571,66.5,Female,West-Rural,156.9,63.3,25.7,0,2,0,143.1,73.4,61.6,127.8,6.33,,57.8,75.7,171.1,0.88,0
SYN-PAT-000572,58.3,Female,West-Urban,163.8,83.2,31.0,0,1,0,111.2,57.7,73.5,106.2,5.65,218.9,39.8,130.0,,0.93,0
SYN-PAT-000573,38.2,Female,West-Rural,154.9,48.7,20.3,0,2,1,99.4,65.7,67.3,103.7,5.7,116.1,49.6,,151.9,0.56,0
SYN-PAT-000574,43.9,Male,West-Urban,162.2,44.5,16.9,0,1,1,93.0,60.9,63.9,78.4,5.23,194.9,49.5,109.6,168.8,1.13,0
SYN-PAT-000575,77.4,Male,West-Urban,160.4,72.3,28.1,0,1,0,142.9,91.6,68.0,140.9,4.94,217.9,34.3,166.1,102.3,1.04,1
SYN-PAT-000576,80.0,Male,West-Rural,168.6,74.2,26.1,1,2,0,148.4,89.9,54.4,106.0,5.42,199.0,50.1,129.2,140.8,1.03,0
SYN-PAT-000577,44.4,Female,West-Urban,147.9,47.5,21.7,0,0,0,139.8,80.7,83.6,,4.63,136.3,49.8,59.0,171.2,0.85,0
SYN-PAT-000578,56.4,Female,East-Rural,145.7,58.6,27.6,0,1,1,139.4,71.4,76.0,106.2,5.8,170.4,53.6,93.5,178.4,0.88,0
SYN-PAT-000579,53.3,Male,North-Urban,162.7,74.4,28.1,0,1,0,144.4,82.2,75.8,122.5,5.29,213.2,36.8,152.2,147.7,1.18,0
SYN-PAT-000580,38.2,Female,South-Urban,151.5,35.8,15.6,0,2,0,111.7,68.1,50.6,82.3,4.2,201.6,59.3,115.6,,0.82,0
SYN-PAT-000581,67.8,Male,West-Rural,156.8,57.3,23.3,0,2,0,119.3,71.9,61.0,114.2,4.74,,52.2,56.3,184.2,0.84,1
SYN-PAT-000582,68.3,Male,North-Urban,168.7,98.5,34.6,1,2,0,148.5,68.3,66.1,121.8,5.57,240.8,35.5,187.4,100.0,1.38,1
SYN-PAT-000583,54.8,Male,East-Rural,177.4,85.6,27.2,0,2,1,134.3,82.6,50.6,108.4,5.74,210.4,,114.1,184.9,1.05,0
SYN-PAT-000584,32.8,Male,West-Urban,169.0,74.8,26.2,0,1,1,122.7,72.6,77.4,119.0,5.64,175.5,43.6,124.2,135.0,1.01,0
SYN-PAT-000585,55.4,Male,West-Urban,179.6,95.2,29.5,1,0,0,129.8,73.5,86.0,109.8,4.85,173.7,31.7,,138.0,1.49,1
SYN-PAT-000586,51.9,Female,East-Urban,148.4,54.8,24.9,0,0,1,129.5,68.4,90.0,90.9,5.92,170.2,45.7,95.5,163.9,1.14,0
SYN-PAT-000587,26.8,Male,South-Urban,173.8,79.4,26.3,0,1,0,99.8,60.8,60.9,70.2,4.85,222.9,34.5,174.1,110.5,0.93,0
SYN-PAT-000588,24.8,Female,South-Rural,148.6,57.2,25.9,0,0,1,97.1,68.4,73.7,101.4,5.52,175.1,51.3,103.9,125.2,0.46,0
SYN-PAT-000589,39.5,Female,East-Urban,154.1,62.0,26.1,0,1,0,104.5,54.6,81.0,109.2,5.91,217.1,54.6,144.1,134.3,0.55,0
SYN-PAT-000590,38.5,Female,East-Urban,162.6,60.3,22.8,0,0,0,114.8,74.9,69.8,117.6,4.71,182.0,38.4,103.9,157.5,1.02,0
SYN-PAT-000591,39.6,Male,West-Urban,165.1,67.3,24.7,0,2,0,102.6,59.0,61.6,65.0,4.2,165.6,52.1,75.9,139.1,,0
SYN-PAT-000592,59.4,Female,North-Rural,152.1,53.2,23.0,0,0,0,121.1,55.0,56.1,97.2,5.41,205.5,,,63.3,0.9,0
SYN-PAT-000593,36.0,Female,East-Rural,145.1,50.3,23.9,0,2,0,124.9,85.2,75.9,97.4,4.7,235.4,61.3,138.6,68.9,0.61,0
SYN-PAT-000594,51.4,Female,North-Rural,158.6,51.1,20.3,1,2,1,113.1,61.4,,107.4,5.08,162.6,44.7,100.7,,0.95,0
SYN-PAT-000595,68.5,Male,North-Rural,160.8,59.0,22.8,0,1,1,125.0,65.8,62.8,130.3,5.67,220.4,40.9,139.0,169.4,1.36,1
SYN-PAT-000596,55.0,Male,North-Urban,168.0,67.5,23.9,0,0,0,125.4,80.2,74.6,108.0,4.7,192.7,42.5,120.2,165.9,1.36,0
SYN-PAT-000597,50.3,Male,East-Urban,167.3,59.1,21.1,0,1,0,122.5,84.1,69.8,72.9,4.37,140.3,50.5,46.9,,0.98,0
SYN-PAT-000598,23.2,Male,West-Urban,157.4,52.5,21.2,1,1,0,104.7,54.8,70.0,65.0,4.78,122.2,25.7,73.0,66.9,1.0,0
SYN-PAT-000599,36.4,Female,East-Rural,154.0,55.3,23.3,0,0,0,123.2,63.8,70.2,93.6,5.3,161.9,56.0,82.8,180.9,0.8,0
SYN-PAT-000600,53.0,Female,North-Rural,154.6,63.1,26.4,0,0,0,132.6,67.4,86.6,116.4,5.98,198.8,57.1,129.2,66.5,1.08,0
SYN-PAT-000601,38.2,Male,West-Urban,159.5,70.2,27.6,0,0,0,132.1,81.3,72.0,96.8,5.56,205.4,41.4,144.6,140.2,1.01,0
SYN-PAT-000602,40.1,Female,West-Urban,168.7,63.5,22.3,0,0,0,114.0,81.0,85.6,,4.57,131.7,41.5,64.8,136.4,0.67,0
SYN-PAT-000603,26.7,Female,West-Urban,160.8,73.4,28.4,0,0,0,106.6,60.8,78.1,71.9,4.77,192.6,40.5,128.2,142.6,0.97,0
SYN-PAT-000604,32.5,Female,South-Rural,154.4,64.8,27.2,0,0,0,106.8,79.2,76.0,103.9,5.35,173.4,52.3,83.3,120.8,0.78,0
SYN-PAT-000605,34.6,Female,South-Urban,155.0,61.7,25.7,0,1,0,118.5,65.4,,84.1,4.54,176.3,60.7,,136.2,0.74,0
SYN-PAT-000606,50.7,Female,West-Urban,151.6,58.1,25.3,0,2,1,118.8,73.1,74.9,110.4,4.88,202.7,64.3,129.0,91.1,0.91,0
SYN-PAT-000607,49.5,Male,West-Rural,153.8,61.3,25.9,0,1,0,116.4,60.7,70.7,115.7,,235.0,52.5,146.3,,0.91,0
SYN-PAT-000608,43.0,Female,East-Rural,151.4,66.0,28.8,0,2,0,116.7,70.3,59.5,76.1,4.56,193.9,,103.8,157.1,0.91,0
SYN-PAT-000609,56.1,Male,North-Urban,169.7,85.5,29.7,0,1,0,121.8,71.8,62.5,96.7,4.84,157.0,43.0,89.0,174.9,1.05,0
SYN-PAT-000610,61.3,Female,East-Rural,159.2,77.3,30.5,0,1,0,136.0,73.6,74.5,97.9,5.36,194.1,60.1,99.4,154.3,,0
SYN-PAT-000611,42.5,Female,East-Urban,148.0,53.4,24.4,0,0,1,101.1,69.3,64.6,110.2,5.42,203.7,58.3,105.5,120.1,1.23,0
SYN-PAT-000612,35.8,Female,North-Urban,163.7,69.7,26.0,0,0,0,119.4,63.4,72.2,105.1,5.39,,44.6,123.0,155.1,,0
SYN-PAT-000613,51.2,Male,South-Urban,176.5,93.1,29.9,1,2,1,141.6,70.4,76.7,,5.12,210.7,49.2,118.4,223.1,1.16,0
SYN-PAT-000614,28.9,Female,West-Urban,155.1,50.8,21.1,0,2,0,100.8,68.7,68.1,82.0,5.25,152.7,61.3,80.0,55.3,0.75,0
SYN-PAT-000615,77.1,Male,South-Rural,179.6,81.0,25.1,1,1,1,166.8,91.2,63.4,134.2,5.81,164.8,49.2,108.2,102.9,1.09,0
SYN-PAT-000616,66.8,Male,North-Rural,164.1,69.5,25.8,0,0,1,132.8,73.7,84.7,82.0,5.24,213.8,36.0,134.5,168.5,1.1,0
SYN-PAT-000617,35.9,Male,East-Rural,164.7,74.1,27.3,0,1,0,98.2,70.5,74.7,,5.23,145.0,47.3,64.8,122.8,0.69,0
SYN-PAT-000618,42.2,Female,North-Urban,162.1,72.8,27.7,0,0,1,117.3,76.7,81.8,,5.4,203.0,49.1,113.7,148.1,1.21,0
SYN-PAT-000619,60.9,Female,West-Urban,150.4,55.4,24.5,0,0,0,129.0,78.9,53.1,87.8,5.61,211.3,,142.7,147.9,0.9,0
SYN-PAT-000620,54.2,Female,South-Urban,145.0,40.4,19.2,0,2,1,125.5,63.1,67.9,65.0,4.6,168.1,56.5,65.4,154.8,0.88,0
SYN-PAT-000621,35.1,Male,North-Rural,176.2,76.7,24.7,0,1,1,111.2,62.9,76.6,126.3,5.7,,,109.6,116.8,1.31,0
SYN-PAT-000622,39.4,Female,West-Rural,157.1,50.8,20.6,0,1,1,101.0,60.1,82.9,91.2,4.93,178.8,57.7,97.8,70.1,0.64,0
SYN-PAT-000623,30.5,Male,South-Urban,154.4,42.7,17.9,0,2,0,92.8,77.2,52.3,65.0,4.2,147.0,45.4,79.3,72.9,1.13,0
SYN-PAT-000624,61.4,Male,South-Rural,182.0,68.2,20.6,0,1,1,117.4,72.7,,,5.08,,36.4,103.8,131.7,1.21,0
SYN-PAT-000625,55.9,Female,North-Rural,149.4,58.7,26.3,0,1,0,120.4,74.8,83.8,80.9,5.17,189.7,59.5,123.1,97.3,0.55,0
SYN-PAT-000626,39.7,Female,North-Rural,150.3,66.2,29.3,0,0,0,107.1,72.0,,76.6,4.29,185.7,48.7,109.4,143.9,0.74,0
SYN-PAT-000627,75.9,Male,West-Rural,168.5,75.0,26.4,0,0,0,129.3,63.4,76.9,135.0,6.58,242.0,,150.5,168.8,1.28,0
SYN-PAT-000628,52.2,Female,West-Urban,153.3,60.2,25.6,0,1,1,132.3,88.2,74.9,141.8,5.91,165.7,56.2,103.6,130.0,0.92,0
SYN-PAT-000629,36.3,Female,North-Rural,150.8,64.6,28.4,0,0,0,137.8,79.3,70.6,83.9,6.15,,66.4,112.4,148.9,0.85,0
SYN-PAT-000630,34.8,Male,North-Urban,171.4,52.6,17.9,0,0,0,117.4,73.5,66.6,99.5,4.7,134.9,,93.5,45.0,0.86,0
SYN-PAT-000631,46.7,Female,North-Rural,153.5,62.4,26.5,0,0,0,137.8,61.9,78.6,102.6,5.32,147.4,48.2,87.7,103.1,0.77,0
SYN-PAT-000632,83.6,Male,South-Urban,174.8,81.6,26.7,0,1,0,154.3,84.7,64.7,85.8,4.71,200.9,53.6,,125.2,,0
SYN-PAT-000633,50.7,Male,North-Urban,165.1,73.3,26.9,0,1,1,134.7,71.9,68.1,93.6,4.67,161.8,40.0,78.5,184.4,1.44,0
SYN-PAT-000634,60.0,Male,North-Rural,173.3,70.6,23.5,0,1,1,122.9,61.1,76.0,137.6,6.34,152.1,54.1,,,0.94,0
SYN-PAT-000635,25.2,Female,South-Urban,158.3,50.4,20.1,0,1,0,106.6,59.2,83.2,65.0,4.2,217.8,,138.8,71.0,0.64,0
SYN-PAT-000636,48.1,Female,South-Urban,144.7,52.6,25.1,0,0,0,116.7,60.6,77.1,136.0,5.55,171.6,54.0,78.5,130.5,0.87,0
SYN-PAT-000637,51.4,Male,East-Rural,158.3,77.9,31.1,0,1,0,126.0,64.3,72.2,93.8,5.36,258.3,55.9,179.5,130.7,,0
SYN-PAT-000638,43.3,Female,South-Urban,158.9,69.7,27.6,0,2,0,122.0,72.5,62.8,124.8,6.0,156.3,56.7,69.4,152.8,0.93,0
SYN-PAT-000639,23.6,Female,West-Rural,152.2,49.1,21.2,0,0,0,113.5,65.3,63.0,74.6,,,64.2,51.4,84.3,0.5,0
SYN-PAT-000640,42.2,Female,East-Urban,145.3,40.3,19.1,0,1,0,118.5,71.2,77.5,99.2,5.29,209.4,65.3,128.0,130.7,0.64,0
SYN-PAT-000641,56.2,Female,South-Rural,155.1,45.0,18.7,0,1,0,118.8,81.2,66.6,115.0,5.39,161.5,63.3,64.1,156.9,0.7,0
SYN-PAT-000642,25.7,Female,North-Rural,154.9,67.7,28.2,0,1,0,112.7,69.2,,115.1,5.07,177.3,58.1,,79.7,0.45,0
SYN-PAT-000643,39.7,Male,West-Rural,167.2,57.3,20.5,0,0,0,118.4,52.3,68.6,75.1,4.21,135.3,57.0,,132.2,1.22,0
SYN-PAT-000644,32.0,Female,North-Rural,145.6,47.5,22.4,0,2,0,118.6,67.9,60.3,69.6,4.2,169.5,65.3,,45.0,0.88,0
SYN-PAT-000645,41.8,Female,North-Rural,154.4,69.6,29.2,1,1,0,109.5,78.7,74.1,96.3,5.89,146.7,45.3,60.5,136.0,0.98,0
SYN-PAT-000646,64.2,Male,South-Urban,172.6,57.8,19.4,0,2,0,112.8,66.9,64.4,70.6,4.91,185.8,45.2,136.8,123.7,1.26,0
SYN-PAT-000647,22.9,Male,South-Urban,168.3,81.3,28.7,0,0,1,124.2,84.3,63.2,105.9,4.72,159.0,48.0,77.0,120.7,0.89,0
SYN-PAT-000648,62.3,Female,North-Rural,154.5,58.5,24.5,1,1,0,134.3,77.2,84.8,,5.18,,69.3,127.3,,0.96,0
SYN-PAT-000649,58.7,Female,East-Urban,147.8,45.7,20.9,0,1,0,118.9,55.5,63.1,113.2,,203.7,64.8,119.9,116.3,1.1,0
SYN-PAT-000650,44.0,Male,North-Urban,157.2,57.8,23.4,0,0,0,114.9,70.0,80.0,80.9,5.14,186.3,32.8,122.9,121.2,1.3,0
SYN-PAT-000651,44.5,Male,North-Urban,177.7,68.2,21.6,1,0,1,119.6,71.9,78.8,69.6,4.25,190.4,39.4,99.8,137.7,0.8,0
SYN-PAT-000652,45.3,Male,South-Rural,172.9,78.0,26.1,0,1,1,127.7,80.9,59.1,132.4,5.63,180.6,35.6,122.3,152.1,1.5,0
SYN-PAT-000653,57.2,Male,East-Rural,164.4,61.4,22.7,0,0,1,111.4,81.9,63.4,110.8,5.18,175.1,32.6,97.8,145.8,0.83,0
SYN-PAT-000654,49.1,Female,West-Urban,151.9,40.1,17.4,0,1,0,116.0,74.4,65.0,85.9,,188.9,45.1,128.3,95.5,0.78,0
SYN-PAT-000655,61.4,Male,West-Rural,154.1,58.2,24.5,0,0,0,131.5,76.5,,119.2,6.14,189.1,36.8,132.7,194.7,1.14,0
SYN-PAT-000656,41.2,Female,South-Rural,156.7,46.7,19.0,0,0,1,117.5,73.5,85.7,112.0,5.68,170.4,65.1,57.6,181.8,0.86,0
SYN-PAT-000657,35.2,Male,West-Urban,158.9,62.1,24.6,1,1,0,122.9,70.1,67.7,75.4,4.68,186.4,39.9,,74.5,1.34,0
SYN-PAT-000658,38.0,Male,North-Rural,171.1,57.1,19.5,0,0,1,117.6,57.7,78.7,87.6,5.26,142.1,52.7,56.6,123.5,1.17,0
SYN-PAT-000659,53.2,Male,West-Rural,159.7,58.7,23.0,0,2,0,115.9,69.6,70.4,74.2,4.2,225.1,42.6,170.1,118.9,1.13,0
SYN-PAT-000660,50.1,Female,North-Rural,147.8,55.5,25.4,0,2,0,111.8,71.9,68.8,69.8,4.2,179.0,62.3,81.0,181.7,1.05,0
SYN-PAT-000661,45.9,Female,North-Rural,165.1,64.3,23.6,0,1,1,148.7,67.7,69.5,114.6,5.61,184.5,70.9,86.6,133.9,0.98,0
SYN-PAT-000662,57.6,Male,East-Rural,164.4,70.5,26.1,1,2,0,130.2,83.3,77.3,107.1,5.62,190.4,50.7,121.2,153.0,0.99,0
SYN-PAT-000663,56.5,Male,South-Urban,170.9,80.9,27.7,1,2,0,132.4,81.9,60.2,115.4,,211.1,50.2,132.1,175.1,1.19,0
SYN-PAT-000664,40.4,Male,East-Rural,166.0,54.3,19.7,1,0,0,127.0,60.5,85.8,107.9,4.36,,39.2,113.7,,1.03,1
SYN-PAT-000665,34.1,Female,South-Rural,157.3,58.1,23.5,0,2,1,131.8,83.2,55.2,113.2,,171.9,54.0,96.8,195.1,,0
SYN-PAT-000666,37.4,Female,South-Urban,152.5,33.7,14.5,0,0,0,100.3,61.0,76.5,92.5,5.01,205.2,47.5,117.6,123.5,1.0,0
SYN-PAT-000667,56.9,Male,South-Urban,164.3,70.5,26.1,0,0,0,115.4,64.3,60.8,65.0,5.54,101.5,45.2,40.0,189.3,1.07,0
SYN-PAT-000668,35.8,Female,South-Rural,165.5,62.2,22.7,0,1,0,98.0,73.4,66.2,81.4,5.27,208.2,69.4,107.7,114.5,0.56,0
SYN-PAT-000669,34.8,Male,South-Urban,161.7,52.6,20.1,0,1,1,129.3,71.0,69.1,112.5,6.02,195.4,42.6,115.8,110.6,0.82,0
SYN-PAT-000670,32.2,Female,West-Rural,155.4,59.9,24.8,0,0,1,100.3,80.6,68.3,,4.86,122.2,70.6,40.0,160.9,0.85,0
SYN-PAT-000671,44.7,Male,North-Urban,174.2,87.4,28.8,0,0,0,122.7,66.1,71.9,100.1,,212.5,43.8,132.6,177.9,1.22,0
SYN-PAT-000672,83.0,Male,South-Rural,170.4,72.3,24.9,1,1,0,135.0,61.1,57.7,118.0,5.02,,58.6,158.2,115.3,1.33,0
SYN-PAT-000673,32.2,Male,West-Urban,171.0,58.5,20.0,1,0,0,97.3,62.2,62.9,90.0,5.28,183.6,45.8,124.6,118.7,1.0,0
SYN-PAT-000674,61.7,Female,South-Rural,158.3,65.2,26.0,0,1,0,126.5,78.4,74.0,108.2,5.28,150.6,48.3,82.3,173.7,0.81,0
SYN-PAT-000675,76.6,Male,North-Urban,165.9,58.3,21.2,0,1,1,122.8,63.3,68.8,124.1,5.87,217.2,50.3,140.3,146.8,1.21,0
SYN-PAT-000676,71.2,Female,East-Rural,164.1,63.3,23.5,0,0,0,124.8,61.4,66.3,105.4,5.23,225.6,,131.1,170.3,0.94,1
SYN-PAT-000677,21.2,Male,East-Rural,167.4,77.3,27.6,1,0,0,139.1,77.5,84.4,65.0,4.59,153.8,29.9,109.9,,0.91,0
SYN-PAT-000678,47.1,Female,East-Rural,174.3,75.3,24.8,0,1,0,126.0,61.1,59.1,103.3,5.15,195.6,63.8,116.7,45.0,0.86,0
SYN-PAT-000679,70.3,Female,South-Urban,164.5,50.9,18.8,0,1,0,139.8,75.6,64.9,100.8,5.15,181.3,64.7,83.6,85.4,0.9,0
SYN-PAT-000680,65.1,Female,North-Urban,149.8,42.2,18.8,0,0,0,135.6,69.8,66.7,67.5,,212.6,46.3,140.2,177.3,1.12,0
SYN-PAT-000681,66.5,Female,West-Rural,155.1,63.3,26.3,0,0,0,131.7,77.5,78.1,128.7,5.15,188.9,46.6,125.9,148.2,0.8,0
SYN-PAT-000682,46.0,Male,South-Rural,174.6,84.4,27.7,1,0,1,123.5,62.0,73.6,119.1,4.88,169.8,46.5,84.3,,0.8,0
SYN-PAT-000683,27.1,Female,South-Rural,160.1,44.1,17.2,0,0,0,106.5,75.2,,65.0,4.5,160.1,82.6,76.8,101.3,0.6,0
SYN-PAT-000684,43.0,Male,South-Rural,170.7,75.8,26.0,0,1,0,121.7,70.1,54.1,79.4,,144.5,48.4,81.1,104.1,1.18,0
SYN-PAT-000685,62.9,Male,South-Urban,176.9,95.4,30.5,1,1,0,133.6,81.2,78.2,97.8,5.93,196.5,45.9,125.4,147.7,1.2,0
SYN-PAT-000686,52.2,Female,South-Urban,154.2,76.1,32.0,0,1,1,131.4,82.6,69.4,107.4,4.83,205.4,55.5,109.4,176.8,0.59,0
SYN-PAT-000687,72.0,Male,East-Urban,161.6,71.3,27.3,1,2,0,134.3,66.0,68.1,112.7,5.24,226.8,54.1,146.1,183.7,1.3,0
SYN-PAT-000688,44.2,Female,West-Rural,152.7,61.3,26.3,0,0,1,118.6,77.5,66.5,89.4,4.27,190.2,52.5,76.0,232.5,0.84,0
SYN-PAT-000689,35.7,Female,East-Rural,160.6,40.5,15.7,0,0,1,102.9,53.6,,110.1,4.94,124.8,62.4,42.2,,0.7,0
SYN-PAT-000690,43.3,Female,West-Urban,157.4,80.0,32.3,0,1,1,110.0,60.5,,133.2,6.41,227.7,50.1,124.9,226.8,0.78,0
SYN-PAT-000691,55.8,Male,East-Urban,171.5,67.4,22.9,0,1,0,95.9,79.6,53.9,106.3,5.22,226.9,56.9,136.1,104.2,0.79,0
SYN-PAT-000692,63.7,Female,East-Urban,160.2,56.5,22.0,0,1,0,116.4,77.4,59.8,98.0,4.88,193.9,54.4,115.2,164.7,0.97,0
SYN-PAT-000693,56.3,Male,South-Urban,176.5,75.1,24.1,0,1,0,147.0,92.0,81.9,113.8,5.64,167.4,,102.2,151.6,0.91,0
SYN-PAT-000694,38.9,Female,East-Rural,157.0,73.5,29.8,0,1,0,117.0,68.8,76.1,92.4,4.69,169.1,41.3,107.7,140.9,0.76,0
SYN-PAT-000695,29.9,Male,East-Rural,166.5,88.4,31.9,1,0,1,132.8,76.5,71.5,95.5,5.86,174.9,40.3,102.9,144.6,0.91,0
SYN-PAT-000696,80.2,Female,South-Rural,165.8,74.2,27.0,0,1,0,115.5,74.4,80.6,,5.8,215.2,42.3,153.7,145.2,1.16,0
SYN-PAT-000697,36.3,Male,South-Urban,178.4,88.2,27.7,1,1,0,111.4,69.6,74.0,99.3,4.98,171.2,40.5,96.2,176.2,0.97,0
SYN-PAT-000698,55.4,Male,East-Rural,162.9,66.9,25.2,0,2,0,109.6,63.0,68.5,85.7,,165.1,45.9,92.3,111.1,1.18,0
SYN-PAT-000699,36.9,Male,West-Urban,169.4,57.4,20.0,0,1,1,108.8,60.1,70.2,88.3,,199.5,44.1,122.9,130.5,0.75,0
SYN-PAT-000700,58.3,Male,East-Urban,170.2,89.2,30.8,0,1,0,161.3,83.2,74.9,93.2,5.8,205.0,39.5,106.4,196.2,1.15,0
SYN-PAT-000701,58.3,Male,North-Urban,170.8,66.5,22.8,1,1,0,136.9,65.9,73.2,132.5,5.65,158.7,41.2,89.1,200.2,1.22,0
SYN-PAT-000702,37.9,Female,North-Urban,158.6,75.0,29.8,0,2,0,140.5,68.5,86.4,97.1,5.63,191.5,65.8,99.0,186.2,1.08,0
SYN-PAT-000703,26.7,Female,South-Urban,157.6,70.0,28.2,0,2,1,109.6,72.4,65.6,105.3,5.33,178.6,46.2,130.5,156.0,0.54,0
SYN-PAT-000704,41.3,Female,South-Rural,156.6,65.0,26.5,0,1,0,135.6,74.0,68.5,107.1,,161.4,58.5,77.1,112.1,0.72,0
SYN-PAT-000705,46.0,Female,South-Rural,151.9,72.5,31.4,0,1,0,150.8,86.5,60.6,80.4,4.48,223.9,52.7,139.9,123.3,1.01,0
SYN-PAT-000706,57.2,Female,East-Rural,154.8,80.5,33.6,0,0,0,132.7,73.0,74.2,129.4,5.35,,52.0,110.5,123.6,1.23,0
SYN-PAT-000707,18.0,Female,West-Urban,150.3,49.9,22.1,0,1,1,96.2,60.3,84.6,,4.35,155.1,46.2,107.3,56.0,0.72,0
SYN-PAT-000708,65.3,Female,West-Rural,154.7,53.8,22.5,0,1,0,113.2,71.7,77.2,131.4,6.22,190.0,41.1,126.8,146.8,0.74,0
SYN-PAT-000709,41.9,Male,South-Urban,177.0,53.6,17.1,1,1,1,113.8,61.0,62.9,88.5,,183.1,46.5,135.6,82.4,0.8,0
SYN-PAT-000710,52.8,Female,West-Rural,157.8,83.2,33.4,0,0,0,132.4,71.1,74.9,126.3,5.22,195.3,50.5,,217.7,0.94,0
SYN-PAT-000711,64.4,Male,North-Urban,177.7,75.5,23.9,0,1,0,154.1,73.3,58.2,65.0,4.2,191.2,54.9,,125.7,1.25,0
SYN-PAT-000712,52.8,Female,East-Urban,152.8,68.2,29.2,0,0,0,112.3,68.8,65.3,81.0,4.31,222.1,41.5,143.5,159.6,0.84,0
SYN-PAT-000713,55.3,Male,East-Rural,175.0,68.0,22.2,0,1,0,124.0,84.1,70.1,88.8,4.51,145.8,35.5,98.4,126.9,0.89,0
SYN-PAT-000714,61.4,Male,East-Urban,181.6,102.9,31.2,0,0,0,112.5,60.7,69.8,71.7,4.52,165.2,41.1,,109.1,1.29,0
SYN-PAT-000715,22.0,Female,West-Rural,167.5,57.2,20.4,0,1,0,98.3,74.4,59.5,89.2,5.37,183.4,55.5,81.9,152.1,0.63,0
SYN-PAT-000716,75.8,Female,East-Rural,154.3,51.7,21.7,0,0,0,137.8,79.3,,107.3,4.98,,38.1,190.0,182.2,1.14,0
SYN-PAT-000717,75.7,Female,North-Rural,154.1,60.3,25.4,0,0,0,143.3,87.8,71.9,88.6,5.66,227.1,62.2,106.0,197.3,0.74,0
SYN-PAT-000718,72.0,Female,East-Urban,148.7,53.1,24.0,0,1,0,141.0,98.6,55.9,102.8,4.41,250.7,54.2,148.6,181.4,1.25,0
SYN-PAT-000719,41.1,Male,South-Urban,170.3,76.6,26.4,1,0,1,129.8,84.1,55.2,120.4,5.4,169.1,46.7,90.1,106.5,0.9,0
SYN-PAT-000720,50.2,Male,East-Urban,159.6,62.4,24.5,0,1,1,129.4,79.7,64.5,69.2,,167.1,38.7,100.1,109.3,1.31,0
SYN-PAT-000721,67.3,Female,East-Urban,161.7,73.5,28.1,0,2,0,135.4,65.3,53.8,,5.23,213.1,56.1,117.8,183.1,1.11,0
SYN-PAT-000722,38.3,Female,East-Rural,160.6,59.1,22.9,0,2,0,101.9,57.3,50.1,82.2,4.59,,,,191.2,0.53,0
SYN-PAT-000723,28.2,Female,North-Urban,158.6,52.6,20.9,0,0,1,85.0,64.6,81.1,94.0,5.4,129.6,53.9,51.1,128.9,0.75,0
SYN-PAT-000724,54.9,Female,West-Rural,152.7,53.2,22.8,0,2,1,117.0,56.7,65.1,105.6,5.57,180.0,58.3,85.4,180.5,1.2,0
SYN-PAT-000725,49.4,Male,North-Rural,170.1,93.7,32.4,1,0,1,133.0,80.5,72.1,,,193.1,32.0,136.5,139.8,0.97,0
SYN-PAT-000726,66.5,Female,East-Urban,153.7,62.6,26.5,0,2,0,148.1,61.4,65.3,112.7,5.55,178.9,,74.0,205.1,1.32,1
SYN-PAT-000727,44.0,Male,West-Urban,176.0,52.0,16.8,0,1,0,111.2,75.0,57.8,95.1,5.23,155.9,54.5,82.9,96.2,1.07,0
SYN-PAT-000728,60.0,Female,West-Rural,161.8,61.0,23.3,0,0,0,124.4,68.8,75.6,72.4,4.28,,46.3,150.6,154.9,1.18,0
SYN-PAT-000729,22.5,Female,West-Urban,157.0,57.7,23.4,0,0,0,110.8,69.2,71.0,,5.57,178.8,61.2,96.0,99.7,0.75,0
SYN-PAT-000730,31.9,Male,West-Rural,169.7,88.1,30.6,1,0,0,120.3,66.9,67.5,90.1,,,36.8,134.8,180.1,0.94,0
SYN-PAT-000731,48.7,Female,West-Urban,162.8,75.5,28.5,0,1,0,134.7,60.8,65.2,125.9,5.77,198.2,42.7,121.9,188.3,1.23,0
SYN-PAT-000732,76.2,Male,North-Urban,170.5,66.3,22.8,0,0,0,159.0,88.0,61.5,106.4,4.66,175.3,37.5,127.5,94.4,1.39,0
SYN-PAT-000733,47.4,Male,South-Rural,165.3,92.1,33.7,0,1,1,155.0,91.1,68.2,105.8,5.42,206.0,,113.0,219.5,1.06,0
SYN-PAT-000734,58.2,Female,North-Rural,164.0,67.5,25.1,0,1,0,128.5,70.1,67.5,114.4,,164.2,64.0,59.0,248.2,1.01,0
SYN-PAT-000735,45.1,Female,North-Rural,163.8,78.1,29.1,0,2,0,127.5,78.6,63.9,109.1,5.24,178.4,55.3,101.3,134.2,,0
SYN-PAT-000736,73.6,Male,West-Urban,169.8,62.6,21.7,0,2,1,151.8,73.9,66.1,98.0,,167.8,42.6,102.6,145.9,1.25,0
SYN-PAT-000737,32.6,Male,West-Urban,165.1,39.5,14.5,0,0,1,102.4,65.9,69.2,80.7,4.95,144.4,52.9,65.9,150.3,1.14,0
SYN-PAT-000738,65.5,Male,West-Urban,155.5,49.1,20.3,0,1,0,135.4,78.5,70.3,89.7,5.01,192.4,53.1,100.5,143.6,1.13,0
SYN-PAT-000739,61.6,Female,West-Rural,156.0,35.3,14.5,1,2,1,112.5,70.2,,120.7,5.88,167.5,66.5,65.0,121.3,0.77,0
SYN-PAT-000740,46.8,Male,East-Rural,178.9,104.0,32.5,0,2,0,123.6,83.9,73.4,107.7,5.24,167.6,29.8,86.3,239.7,0.87,0
SYN-PAT-000741,39.7,Female,East-Urban,163.7,66.7,24.9,0,0,0,130.8,77.0,80.6,104.4,5.73,210.4,54.0,156.7,76.2,,0
SYN-PAT-000742,30.7,Male,South-Rural,161.4,52.1,20.0,0,0,1,99.2,64.9,64.0,84.5,4.76,,37.6,108.4,79.0,0.77,0
SYN-PAT-000743,69.3,Male,West-Urban,173.0,82.6,27.6,1,0,0,140.0,70.3,68.8,112.7,5.47,186.3,45.1,107.9,181.9,0.93,1
SYN-PAT-000744,39.2,Female,East-Rural,159.0,62.7,24.8,0,0,0,97.7,62.2,78.0,114.5,6.37,,57.1,58.1,64.4,,0
SYN-PAT-000745,41.8,Male,South-Urban,178.5,84.8,26.6,0,0,0,143.6,82.5,78.6,87.9,4.69,129.6,39.3,67.5,123.9,1.27,0
SYN-PAT-000746,58.9,Female,North-Urban,154.6,71.2,29.8,0,1,0,146.8,66.9,64.9,107.5,5.9,190.7,42.6,119.7,146.1,0.95,0
SYN-PAT-000747,43.9,Male,North-Urban,175.1,71.1,23.2,0,1,0,120.1,78.6,74.2,66.3,4.64,140.7,56.7,40.0,172.1,,0
SYN-PAT-000748,47.3,Female,East-Rural,152.8,49.5,21.2,0,1,0,124.1,68.5,60.5,75.8,4.33,199.0,44.9,125.4,157.9,0.7,0
SYN-PAT-000749,66.2,Male,West-Rural,173.1,86.3,28.8,0,1,0,139.6,70.1,74.5,101.0,4.61,201.3,45.3,120.6,94.5,1.07,0
SYN-PAT-000750,41.0,Female,North-Urban,150.9,61.9,27.2,0,0,1,136.2,66.8,,87.8,4.45,225.8,56.7,139.6,111.4,0.76,0
SYN-PAT-000751,34.5,Male,East-Urban,174.4,73.6,24.2,0,2,0,107.3,72.8,54.5,112.2,5.87,180.6,48.3,,,0.9,0
SYN-PAT-000752,77.0,Male,North-Urban,174.9,105.8,34.6,0,2,0,154.5,81.2,65.2,103.8,6.13,194.1,37.0,122.5,181.0,0.96,1
SYN-PAT-000753,41.6,Female,East-Urban,158.3,56.4,22.5,0,1,0,128.9,83.9,87.4,103.2,5.2,124.3,52.2,51.3,81.8,1.05,0
SYN-PAT-000754,66.0,Female,South-Urban,144.5,46.4,22.2,0,2,1,143.7,65.7,67.5,113.7,5.43,215.0,74.7,101.9,165.5,1.0,0
SYN-PAT-000755,43.5,Male,West-Urban,173.8,78.2,25.9,0,0,1,92.8,60.7,92.3,106.7,5.63,145.9,47.9,71.9,109.8,1.0,0
SYN-PAT-000756,64.1,Female,South-Rural,155.9,55.9,23.0,0,1,1,121.6,69.9,56.7,137.4,,180.7,60.0,87.9,172.0,1.12,0
SYN-PAT-000757,53.8,Male,North-Rural,161.5,69.9,26.8,0,0,0,114.1,64.4,79.3,65.0,4.95,236.9,48.9,146.1,149.6,1.21,0
SYN-PAT-000758,50.9,Female,East-Rural,153.9,51.2,21.6,0,0,0,122.1,70.3,50.1,88.0,4.97,199.0,52.5,139.4,91.9,0.79,0
SYN-PAT-000759,66.5,Male,East-Rural,156.9,59.6,24.2,1,0,0,112.9,71.4,72.3,81.7,4.81,206.1,43.5,108.9,210.9,1.23,0
SYN-PAT-000760,36.8,Female,East-Urban,157.3,77.0,31.1,0,1,0,96.1,71.0,76.4,65.0,4.21,210.6,42.9,108.9,207.7,0.87,0
SYN-PAT-000761,40.1,Female,South-Urban,159.2,57.3,22.6,0,0,0,141.3,86.1,79.0,67.0,4.2,201.5,47.9,135.7,139.2,0.93,0
SYN-PAT-000762,42.5,Female,South-Urban,158.2,53.1,21.2,0,1,1,122.8,60.5,61.8,100.0,4.2,220.2,48.2,,114.9,1.04,0
SYN-PAT-000763,44.0,Female,West-Rural,161.8,75.4,28.8,0,0,0,124.1,75.4,82.3,85.1,5.44,169.2,44.8,104.5,103.1,1.0,0
SYN-PAT-000764,67.1,Female,North-Rural,156.3,53.0,21.7,0,2,1,133.7,68.0,61.1,126.3,5.54,,56.8,93.5,191.0,1.12,0
SYN-PAT-000765,45.6,Female,West-Urban,158.1,54.5,21.8,1,1,0,125.3,74.2,67.3,85.8,,152.9,54.9,,163.7,1.11,0
SYN-PAT-000766,68.4,Male,South-Rural,168.7,79.7,28.0,0,0,1,147.3,80.9,69.6,113.0,4.56,200.0,,132.3,130.5,1.2,0
SYN-PAT-000767,57.7,Male,East-Rural,166.7,79.8,28.7,0,0,0,122.5,65.1,63.8,97.7,4.85,191.1,42.6,,129.3,1.1,0
SYN-PAT-000768,67.2,Male,East-Urban,173.8,91.8,30.4,0,2,1,139.0,69.8,,119.7,5.26,153.9,45.7,86.7,189.7,,1
SYN-PAT-000769,42.0,Female,South-Urban,149.2,47.6,21.4,1,0,0,124.0,74.4,72.0,80.2,4.32,157.6,54.3,83.0,75.8,0.82,0
SYN-PAT-000770,67.9,Male,West-Urban,161.6,73.1,28.0,1,1,1,128.5,73.7,79.5,103.3,5.39,240.9,35.7,173.0,138.0,1.24,1
SYN-PAT-000771,42.1,Female,East-Rural,139.0,43.5,22.5,0,1,0,131.6,71.0,77.8,107.0,5.29,184.1,59.9,112.9,84.6,0.76,0
SYN-PAT-000772,78.4,Male,East-Urban,166.1,66.5,24.1,0,0,0,132.2,78.1,,94.6,4.4,222.8,33.3,167.7,,0.81,0
SYN-PAT-000773,37.9,Female,North-Urban,162.6,75.4,28.5,0,0,0,131.2,79.8,83.7,88.4,4.37,178.4,61.6,93.1,111.5,0.95,0
SYN-PAT-000774,44.0,Female,West-Urban,154.4,53.2,22.3,1,1,0,124.5,67.0,73.1,97.4,4.45,125.4,53.1,54.8,167.3,0.58,0
SYN-PAT-000775,49.4,Female,East-Rural,152.4,59.7,25.7,0,0,0,142.6,69.6,63.8,,6.0,182.2,50.1,101.4,69.4,0.8,0
SYN-PAT-000776,34.5,Male,South-Rural,174.5,74.3,24.4,1,0,1,107.2,58.3,76.2,84.5,5.48,203.8,36.0,,145.7,1.09,0
SYN-PAT-000777,44.3,Female,West-Urban,152.7,47.3,20.3,0,0,0,102.6,65.8,62.6,100.8,4.69,142.9,59.3,40.0,134.7,0.97,0
SYN-PAT-000778,51.6,Male,East-Urban,167.3,79.8,28.5,0,0,1,115.7,60.2,,122.5,4.74,211.6,39.3,145.6,193.4,1.26,0
SYN-PAT-000779,63.5,Female,South-Rural,150.6,62.6,27.6,0,0,0,133.9,75.4,80.1,107.6,5.38,149.6,63.2,57.4,170.5,0.61,0
SYN-PAT-000780,43.3,Male,East-Rural,159.9,43.0,16.8,0,2,0,130.5,79.8,63.8,,,171.8,41.9,96.7,97.4,,0
SYN-PAT-000781,64.3,Male,North-Urban,178.3,84.6,26.6,1,1,0,157.0,76.8,,96.1,5.22,211.9,42.8,143.2,123.3,,0
SYN-PAT-000782,58.2,Female,South-Rural,154.1,53.0,22.3,0,1,1,97.2,61.0,55.4,103.7,5.5,178.8,50.8,,182.2,1.05,0
SYN-PAT-000783,46.0,Female,South-Urban,146.0,61.0,28.6,0,0,0,126.6,88.3,,76.5,4.92,256.3,48.5,151.8,169.4,1.14,0
SYN-PAT-000784,43.2,Male,East-Urban,152.4,43.7,18.8,0,0,0,85.0,72.6,68.8,84.1,,159.7,48.5,93.5,98.1,,0
SYN-PAT-000785,42.5,Male,East-Rural,163.8,61.4,22.9,0,2,0,126.3,65.8,85.0,105.9,5.35,161.8,47.0,69.4,167.9,1.03,0
SYN-PAT-000786,64.4,Female,North-Urban,158.3,67.4,26.9,0,1,0,145.7,78.1,60.9,119.6,5.93,,46.6,135.3,139.7,1.15,0
SYN-PAT-000787,33.3,Male,South-Urban,164.8,64.9,23.9,0,0,0,112.1,71.2,57.7,80.6,4.4,152.1,38.9,76.7,125.1,0.89,0
SYN-PAT-000788,52.5,Male,East-Rural,177.5,87.3,27.7,0,0,0,127.4,74.8,,,,149.9,39.8,87.1,125.8,1.39,0
SYN-PAT-000789,66.4,Female,West-Urban,158.3,49.9,19.9,1,1,0,134.3,86.0,75.9,129.8,5.4,,52.8,86.8,162.9,0.92,0
SYN-PAT-000790,67.1,Male,West-Rural,162.7,84.7,32.0,0,2,0,128.6,75.4,63.2,105.8,6.25,226.1,51.3,157.9,133.1,1.1,0
SYN-PAT-000791,42.4,Female,North-Urban,151.0,59.7,26.2,0,0,1,124.7,74.0,71.4,118.6,4.92,173.4,48.3,104.9,126.3,0.66,0
SYN-PAT-000792,67.3,Female,South-Urban,146.3,66.1,30.9,0,1,0,134.5,80.9,77.5,69.5,5.13,251.4,54.0,167.7,144.5,1.02,0
SYN-PAT-000793,48.8,Male,South-Rural,166.6,77.7,28.0,0,1,1,135.8,84.1,68.9,88.4,4.2,,56.4,72.5,160.1,0.53,0
SYN-PAT-000794,56.3,Female,East-Rural,160.1,64.1,25.0,0,2,0,124.8,78.9,68.2,99.8,5.93,209.4,,124.6,163.0,0.88,0
SYN-PAT-000795,33.7,Female,East-Rural,153.3,44.2,18.8,0,2,0,98.1,68.2,69.5,65.0,4.2,,65.9,,64.8,0.98,0
SYN-PAT-000796,78.2,Male,South-Rural,183.9,82.2,24.3,1,0,0,125.2,60.0,,,6.06,190.1,45.2,106.1,179.3,0.95,0
SYN-PAT-000797,58.6,Male,West-Rural,157.3,77.4,31.3,0,1,0,110.4,66.9,69.7,118.0,4.85,,,,104.1,0.78,0
SYN-PAT-000798,49.8,Male,North-Rural,153.6,70.8,30.0,0,1,0,142.6,83.4,72.8,,4.99,,37.1,60.5,,1.3,0
SYN-PAT-000799,33.6,Male,South-Urban,166.2,59.1,21.4,1,1,0,111.1,69.6,76.0,83.8,5.16,185.9,46.8,107.9,96.9,1.18,0
SYN-PAT-000800,59.7,Male,South-Rural,156.6,35.8,14.6,1,2,0,129.3,75.9,57.2,67.9,4.79,212.8,52.5,142.9,164.3,0.87,0
SYN-PAT-000801,53.3,Female,West-Urban,154.3,57.4,24.1,0,2,0,145.1,90.2,45.0,86.4,4.95,141.9,58.2,,150.2,1.26,0
SYN-PAT-000802,25.7,Female,East-Rural,145.6,46.9,22.1,0,0,0,100.1,56.7,,86.7,5.15,155.8,44.6,96.2,,0.8,0
SYN-PAT-000803,60.4,Male,West-Urban,179.2,78.4,24.4,1,0,0,126.4,80.6,80.2,87.5,,172.8,43.9,118.6,99.3,1.3,0
SYN-PAT-000804,63.9,Female,South-Urban,148.9,61.0,27.5,0,1,1,130.9,71.5,71.8,128.5,5.43,212.9,36.0,158.7,195.1,0.83,0
SYN-PAT-000805,58.5,Male,West-Rural,166.6,79.1,28.5,1,0,1,136.7,82.5,75.7,128.4,5.12,185.9,42.4,,,1.39,0
SYN-PAT-000806,52.4,Male,South-Urban,153.2,67.1,28.6,0,0,0,149.7,78.1,68.6,101.3,5.2,228.3,41.6,148.1,173.3,1.07,0
SYN-PAT-000807,52.1,Female,West-Urban,148.8,58.7,26.5,0,0,1,143.9,92.5,77.1,77.5,4.44,177.8,44.7,100.7,143.7,0.88,0
SYN-PAT-000808,56.0,Male,West-Urban,168.5,51.7,18.2,0,2,1,127.7,71.4,72.1,132.0,5.84,146.5,35.3,99.6,132.8,1.18,0
SYN-PAT-000809,59.4,Female,North-Rural,159.5,61.1,24.0,0,0,0,144.4,71.1,72.7,94.2,5.25,177.2,58.3,83.9,109.1,0.91,0
SYN-PAT-000810,25.8,Female,East-Rural,161.5,83.5,32.0,0,1,0,113.2,74.6,92.4,143.8,5.8,,50.3,81.8,,0.47,0
SYN-PAT-000811,63.9,Male,North-Urban,164.7,73.2,27.0,1,0,1,141.6,78.6,59.7,127.5,6.03,211.6,34.0,151.8,140.7,1.19,1
SYN-PAT-000812,73.5,Female,North-Rural,153.0,64.4,27.5,0,0,0,134.1,83.2,74.5,104.5,5.55,193.2,57.0,107.1,137.8,0.97,0
SYN-PAT-000813,32.3,Female,North-Rural,155.3,60.3,25.0,0,0,0,97.5,69.2,,96.6,5.39,186.2,53.0,116.3,133.1,,0
SYN-PAT-000814,82.3,Male,North-Urban,159.7,71.9,28.2,0,0,0,157.6,98.6,80.8,76.3,4.52,188.1,46.7,89.7,191.7,1.51,1
SYN-PAT-000815,66.0,Male,North-Urban,156.2,40.5,16.6,1,2,1,136.7,71.1,51.0,121.6,5.79,177.5,55.1,93.5,141.4,1.59,0
SYN-PAT-000816,56.4,Male,West-Rural,170.5,70.4,24.2,0,2,1,125.8,71.1,55.0,155.3,6.46,166.6,55.4,,140.2,0.93,0
SYN-PAT-000817,48.6,Male,West-Rural,164.1,66.0,24.5,0,1,0,121.5,66.5,64.0,65.0,4.71,,39.4,78.8,,,0
SYN-PAT-000818,49.1,Male,North-Rural,164.0,79.3,29.5,0,0,1,108.0,70.2,75.9,107.9,6.11,225.9,37.9,164.0,163.7,,1
SYN-PAT-000819,36.6,Female,South-Urban,152.4,56.0,24.1,0,1,0,102.8,68.5,64.2,87.2,5.01,155.6,49.4,78.8,132.5,1.19,0
SYN-PAT-000820,33.1,Male,South-Rural,143.8,36.0,17.4,0,0,0,111.0,68.6,65.6,94.7,4.64,155.6,43.2,88.3,113.8,1.04,0
SYN-PAT-000821,77.0,Male,South-Rural,179.3,90.0,28.0,1,0,0,139.8,76.6,71.7,148.2,5.64,235.8,38.8,144.5,221.3,1.39,0
SYN-PAT-000822,42.5,Female,North-Rural,150.9,48.3,21.2,0,1,1,112.7,63.5,66.5,106.6,,197.0,,116.5,74.3,1.04,0
SYN-PAT-000823,48.1,Female,South-Urban,169.8,57.7,20.0,0,1,0,116.1,61.8,80.9,126.9,5.75,224.1,63.9,127.4,112.7,0.89,0
SYN-PAT-000824,51.0,Male,North-Urban,157.1,53.3,21.6,0,0,0,112.2,65.3,77.5,94.6,5.72,195.5,57.0,117.7,147.1,1.01,0
SYN-PAT-000825,29.9,Male,East-Urban,175.3,78.7,25.6,1,0,0,106.5,76.6,69.9,96.5,4.2,156.2,30.1,124.3,60.7,1.2,0
SYN-PAT-000826,68.5,Male,North-Rural,169.1,87.5,30.6,0,2,0,118.3,82.3,85.7,116.2,5.95,261.7,41.2,191.3,230.1,1.28,0
SYN-PAT-000827,34.3,Male,East-Rural,161.8,67.0,25.6,0,0,0,112.8,68.8,76.8,112.1,5.26,192.2,45.7,,141.4,0.8,0
SYN-PAT-000828,40.3,Male,South-Urban,165.1,72.2,26.5,0,2,0,126.1,65.5,,86.1,4.72,176.6,48.1,89.5,178.2,0.88,0
SYN-PAT-000829,57.7,Male,East-Rural,180.6,88.1,27.0,0,2,1,108.9,68.3,69.2,128.0,5.38,194.4,32.8,116.8,200.4,,0
SYN-PAT-000830,57.9,Male,East-Rural,167.5,71.8,25.6,0,1,0,127.3,88.3,74.2,77.4,5.09,196.3,43.7,124.1,,1.31,0
SYN-PAT-000831,41.1,Female,North-Rural,167.8,75.5,26.8,0,0,0,122.7,79.4,67.1,89.3,5.22,175.1,,115.4,45.8,1.11,0
SYN-PAT-000832,58.2,Male,South-Urban,160.9,41.4,16.0,0,1,0,107.7,69.5,58.3,75.7,4.2,141.4,51.4,62.4,129.2,1.45,0
SYN-PAT-000833,38.3,Female,East-Rural,155.9,59.3,24.4,0,0,0,132.8,80.7,73.1,91.7,5.03,222.6,52.8,139.3,139.5,0.72,0
SYN-PAT-000834,31.2,Male,West-Rural,166.8,54.5,19.6,0,0,0,103.1,77.0,68.1,75.4,,166.1,41.0,123.7,65.8,0.95,0
SYN-PAT-000835,48.5,Female,West-Urban,145.7,61.6,29.0,0,1,1,124.1,64.3,83.1,132.6,5.92,194.4,49.5,125.3,76.4,0.81,0
SYN-PAT-000836,40.2,Female,West-Rural,169.2,67.6,23.6,0,0,0,114.2,66.2,78.4,74.0,5.09,235.5,39.4,179.7,149.2,0.79,0
SYN-PAT-000837,74.7,Female,South-Urban,147.3,57.1,26.3,0,0,1,116.1,66.4,67.4,88.0,4.78,183.9,53.2,110.0,112.5,1.16,0
SYN-PAT-000838,47.3,Female,South-Rural,156.4,46.0,18.8,1,1,1,134.1,76.4,71.6,74.0,4.2,,,94.1,208.7,0.89,0
SYN-PAT-000839,61.7,Female,West-Urban,143.7,60.5,29.3,0,1,0,121.3,73.6,81.3,123.8,5.75,176.0,55.8,77.5,174.1,1.18,0
SYN-PAT-000840,65.0,Female,East-Urban,152.4,65.0,28.0,0,0,0,130.7,79.7,61.4,88.0,5.02,207.7,56.4,106.0,218.8,0.88,0
SYN-PAT-000841,24.5,Male,East-Rural,166.9,70.5,25.3,0,0,0,116.1,66.2,63.9,93.0,5.13,174.8,31.2,124.0,123.3,1.05,0
SYN-PAT-000842,50.1,Female,East-Rural,149.6,48.3,21.6,0,0,0,137.4,83.9,71.6,85.9,5.3,203.5,55.9,111.1,,,0
SYN-PAT-000843,37.2,Female,South-Urban,158.8,53.0,21.0,0,0,0,99.3,64.5,71.8,100.1,,206.1,54.0,136.1,122.4,0.45,0
SYN-PAT-000844,74.5,Male,West-Rural,161.2,70.2,27.0,1,1,0,138.5,80.7,69.6,103.8,5.13,187.5,50.8,90.6,209.0,,0
SYN-PAT-000845,29.7,Male,East-Urban,175.0,63.7,20.8,0,1,0,124.6,79.5,,131.8,5.29,206.8,,139.8,45.0,0.98,0
SYN-PAT-000846,45.4,Female,South-Rural,163.9,70.1,26.1,0,1,1,126.7,81.0,,141.4,5.43,225.4,48.0,128.9,178.3,1.22,0
SYN-PAT-000847,39.9,Male,East-Rural,165.6,43.6,15.9,0,0,0,117.5,70.2,73.5,74.1,4.44,160.9,36.6,102.7,136.1,0.91,0
SYN-PAT-000848,56.5,Male,North-Rural,180.0,75.2,23.2,0,0,0,112.1,74.7,81.7,87.7,5.17,187.3,50.4,107.2,135.3,,0
SYN-PAT-000849,61.4,Female,West-Rural,156.2,78.6,32.2,0,0,0,130.5,88.3,70.2,165.9,,187.6,50.8,121.8,153.7,1.05,0
SYN-PAT-000850,67.8,Female,South-Urban,159.0,69.3,27.4,0,0,1,132.5,78.1,93.8,98.4,4.82,191.3,48.7,119.6,150.0,0.89,0
SYN-PAT-000851,33.1,Male,South-Urban,145.4,51.4,24.3,0,0,0,102.5,61.3,89.0,86.9,4.79,139.9,40.0,73.1,138.0,0.84,0
SYN-PAT-000852,59.8,Male,West-Rural,179.8,106.0,32.8,0,0,1,114.6,76.3,85.7,122.1,6.11,222.9,36.0,154.7,,,0
SYN-PAT-000853,53.1,Male,East-Rural,174.0,48.4,16.0,0,0,1,110.6,65.8,,97.1,5.24,119.2,56.4,47.6,96.4,0.97,0
SYN-PAT-000854,78.7,Female,South-Rural,155.7,56.5,23.3,0,1,0,153.3,60.0,86.1,73.6,4.33,182.5,,112.9,88.3,0.77,1
SYN-PAT-000855,26.3,Female,East-Rural,163.4,58.2,21.8,0,1,0,107.7,70.6,66.2,90.9,4.62,164.9,59.0,53.7,218.0,0.62,0
SYN-PAT-000856,45.5,Male,West-Rural,179.8,89.5,27.7,0,1,0,139.0,76.7,63.1,79.8,4.2,,54.2,137.8,173.8,1.18,0
SYN-PAT-000857,45.3,Female,West-Urban,159.6,70.6,27.7,0,0,1,124.6,81.3,68.7,135.1,5.68,170.3,51.8,97.7,129.0,0.98,0
SYN-PAT-000858,65.6,Female,North-Urban,159.7,56.9,22.3,0,2,1,119.8,64.3,57.3,84.1,4.2,,61.7,87.9,196.5,1.2,0
SYN-PAT-000859,48.6,Male,East-Rural,183.0,95.1,28.4,0,2,1,140.2,65.0,68.4,112.5,6.36,186.3,55.9,107.6,189.2,1.31,0
SYN-PAT-000860,51.8,Female,East-Urban,157.1,57.5,23.3,0,0,0,124.8,72.6,74.6,65.0,4.2,211.0,52.6,115.0,159.0,0.74,0
SYN-PAT-000861,44.4,Male,West-Urban,156.2,70.8,29.0,1,1,0,140.6,79.4,72.2,65.0,4.99,197.1,47.8,110.7,128.3,0.93,0
SYN-PAT-000862,28.5,Male,West-Rural,165.7,53.5,19.5,1,2,0,99.4,65.3,65.0,,,188.1,47.7,,137.0,0.78,0
SYN-PAT-000863,58.2,Female,West-Urban,136.9,46.3,24.7,0,1,0,139.4,75.1,70.6,85.9,4.94,175.0,,91.3,193.1,0.93,0
SYN-PAT-000864,62.7,Male,East-Urban,168.6,67.1,23.6,1,0,0,147.3,68.4,86.9,125.2,5.57,163.6,44.4,,75.6,1.06,0
SYN-PAT-000865,58.9,Female,West-Urban,162.4,77.0,29.2,0,1,0,134.6,74.2,75.8,103.9,4.68,206.5,36.6,130.8,169.9,0.92,0
SYN-PAT-000866,34.6,Male,West-Urban,155.8,52.9,21.8,1,1,0,107.8,64.5,76.5,108.5,5.02,157.9,57.7,82.0,132.8,0.79,0
SYN-PAT-000867,41.5,Female,West-Rural,157.6,59.6,24.0,1,0,0,122.6,79.1,73.9,84.1,5.52,,41.7,111.1,,0.98,0
SYN-PAT-000868,26.1,Female,North-Urban,150.6,57.2,25.2,0,2,0,117.1,73.1,52.8,97.2,5.24,179.0,,99.8,125.0,0.58,0
SYN-PAT-000869,58.9,Male,East-Urban,179.9,88.4,27.3,0,1,0,132.4,72.1,54.7,89.1,4.96,228.7,44.0,127.8,205.0,0.94,0
SYN-PAT-000870,61.4,Female,East-Urban,161.1,74.7,28.8,0,0,0,139.4,89.1,91.2,90.8,5.59,219.4,53.4,134.4,152.5,1.07,0
SYN-PAT-000871,35.9,Male,North-Rural,175.9,76.4,24.7,0,1,0,126.8,70.2,64.9,65.0,4.74,156.8,40.7,98.8,,1.12,1
SYN-PAT-000872,37.6,Female,South-Urban,141.8,45.0,22.4,0,1,0,105.9,71.1,63.6,93.3,4.89,142.2,57.0,64.7,137.7,0.75,0
SYN-PAT-000873,46.1,Female,East-Urban,148.7,51.1,23.1,0,0,1,105.1,65.7,74.1,108.3,5.36,228.4,51.7,169.4,125.7,0.99,0
SYN-PAT-000874,43.5,Female,South-Urban,161.3,63.5,24.4,0,0,0,118.2,82.5,,106.2,4.9,136.1,52.8,61.5,76.5,0.99,0
SYN-PAT-000875,43.1,Female,West-Rural,157.9,62.8,25.2,1,2,1,121.1,71.8,72.3,109.0,5.06,168.5,67.9,58.3,145.6,1.19,0
SYN-PAT-000876,37.4,Female,South-Rural,166.4,64.8,23.4,0,1,0,123.8,72.0,84.2,125.0,5.51,193.4,72.5,96.7,136.5,0.96,0
SYN-PAT-000877,57.1,Male,East-Rural,168.4,71.5,25.2,1,0,0,119.9,69.8,85.3,101.9,5.42,236.1,47.8,163.9,132.5,1.39,0
SYN-PAT-000878,50.7,Male,North-Rural,171.3,55.8,19.0,0,0,0,130.2,72.7,64.1,105.9,4.6,173.3,61.3,88.0,119.8,1.09,0
SYN-PAT-000879,43.1,Male,West-Rural,174.4,81.5,26.8,0,1,0,136.7,84.0,78.2,89.3,4.98,183.8,49.7,117.6,45.0,1.3,0
SYN-PAT-000880,28.8,Male,North-Urban,165.9,66.3,24.1,0,1,0,110.3,74.7,66.0,69.6,4.33,146.0,41.3,43.6,172.9,1.18,0
SYN-PAT-000881,37.8,Female,South-Rural,148.7,61.5,27.8,0,0,1,119.1,71.7,72.0,119.3,5.15,184.4,63.9,74.9,177.5,0.79,0
SYN-PAT-000882,49.8,Male,West-Urban,164.4,66.8,24.7,0,1,0,113.1,82.0,60.1,93.5,4.82,152.7,55.5,85.9,84.4,0.91,0
SYN-PAT-000883,40.0,Female,North-Rural,140.3,34.4,17.5,0,0,0,104.3,71.6,56.2,96.8,,,37.0,97.9,84.2,0.71,0
SYN-PAT-000884,34.7,Male,North-Rural,177.2,70.3,22.4,0,0,0,107.2,63.9,71.6,92.5,4.6,193.7,40.0,126.8,182.9,1.02,0
SYN-PAT-000885,68.9,Female,West-Rural,165.4,68.7,25.1,0,1,0,150.5,67.2,61.4,89.0,4.42,185.7,62.6,104.9,108.5,0.83,0
SYN-PAT-000886,45.4,Male,North-Urban,171.8,80.3,27.2,0,0,1,121.2,68.6,80.9,128.0,5.6,210.7,51.2,134.0,164.2,0.95,0
SYN-PAT-000887,52.3,Male,North-Urban,170.2,49.2,17.0,0,2,1,101.3,67.4,62.1,82.4,4.2,173.0,56.0,104.6,100.4,1.24,0
SYN-PAT-000888,23.5,Male,South-Urban,168.3,66.0,23.3,0,0,0,109.7,72.5,,94.0,5.07,,,61.8,132.9,1.02,0
SYN-PAT-000889,53.7,Male,East-Rural,175.0,82.4,26.9,0,1,0,136.3,85.1,,122.6,6.02,222.8,48.5,144.2,152.0,0.68,0
SYN-PAT-000890,50.4,Male,West-Rural,163.0,59.0,22.2,0,0,0,120.2,61.8,59.2,85.2,4.74,145.5,47.3,44.7,122.2,0.81,0
SYN-PAT-000891,62.1,Male,South-Rural,163.7,68.9,25.7,0,0,1,147.6,73.8,66.5,134.2,6.05,177.3,45.2,,169.6,1.55,0
SYN-PAT-000892,75.2,Female,East-Rural,152.9,55.6,23.8,0,1,0,144.9,67.1,,111.3,5.11,194.7,39.5,121.5,137.7,1.27,0
SYN-PAT-000893,74.3,Female,South-Rural,152.5,54.4,23.4,0,1,1,122.1,60.7,71.8,130.6,5.02,227.4,55.2,154.8,81.6,0.9,0
SYN-PAT-000894,40.4,Female,North-Rural,156.4,55.3,22.6,0,1,0,108.8,62.9,78.3,,4.57,161.5,42.9,91.7,88.2,0.54,0
SYN-PAT-000895,46.3,Female,East-Urban,164.3,58.8,21.8,0,1,1,120.7,72.7,76.1,105.8,5.5,153.2,54.8,90.6,85.7,0.64,0
SYN-PAT-000896,35.9,Male,East-Urban,169.7,76.3,26.5,0,1,0,96.2,71.8,70.7,66.6,4.2,182.6,46.0,114.4,67.1,1.02,0
SYN-PAT-000897,30.9,Female,West-Rural,156.1,50.7,20.8,0,1,0,112.7,60.8,71.0,113.3,5.12,162.0,63.2,83.8,130.1,1.13,0
SYN-PAT-000898,70.7,Male,North-Urban,169.6,64.7,22.5,0,1,0,110.8,62.0,71.7,65.0,4.28,182.8,45.2,99.2,143.9,1.48,0
SYN-PAT-000899,29.8,Male,North-Urban,164.6,81.8,30.2,1,1,1,134.3,62.2,58.3,99.9,6.49,184.6,49.2,98.4,154.9,0.69,0
SYN-PAT-000900,30.5,Male,West-Urban,165.5,74.5,27.2,1,1,1,130.7,75.4,68.7,85.9,4.98,141.7,35.5,68.6,154.0,0.92,0
SYN-PAT-000901,37.4,Female,North-Rural,155.6,40.9,16.9,0,2,1,114.9,61.8,66.6,104.2,4.23,119.3,67.6,40.0,,0.65,0
SYN-PAT-000902,31.6,Female,North-Rural,158.6,52.1,20.7,0,0,1,100.8,77.8,75.3,129.3,4.68,228.2,41.1,172.5,131.9,0.77,0
SYN-PAT-000903,44.1,Female,South-Rural,147.7,55.2,25.3,0,1,0,121.8,74.4,61.7,105.4,5.57,184.8,46.7,115.5,96.6,0.61,0
SYN-PAT-000904,59.2,Female,North-Rural,163.2,70.6,26.5,0,0,1,122.9,70.6,62.1,166.5,7.6,198.1,60.1,99.5,177.5,0.83,0
SYN-PAT-000905,43.3,Male,West-Urban,160.6,48.0,18.6,1,0,1,107.2,61.3,68.9,71.8,4.34,,40.3,,127.6,0.83,0
SYN-PAT-000906,76.0,Male,West-Rural,167.5,86.1,30.7,1,0,0,143.8,66.5,90.6,90.0,,234.3,,,270.3,1.32,1
SYN-PAT-000907,62.4,Male,South-Rural,156.2,69.8,28.6,0,2,0,141.0,66.2,60.4,89.2,5.16,182.8,42.0,110.6,,1.06,0
SYN-PAT-000908,42.2,Male,East-Rural,170.8,76.1,26.1,0,1,0,119.9,66.4,79.8,96.1,,103.6,48.1,40.0,154.5,0.94,0
SYN-PAT-000909,38.7,Male,North-Urban,159.6,74.4,29.2,0,1,0,137.5,70.7,84.0,78.1,4.2,167.2,47.2,90.4,140.3,1.12,0
SYN-PAT-000910,44.7,Female,North-Urban,158.1,65.2,26.1,0,0,1,129.9,65.8,73.2,93.4,5.48,175.4,51.3,105.8,142.5,1.17,0
SYN-PAT-000911,65.3,Male,East-Urban,165.2,74.5,27.3,0,1,0,141.0,78.9,64.3,115.9,5.21,193.3,33.6,130.5,159.5,1.55,0
SYN-PAT-000912,26.9,Female,East-Urban,145.5,61.8,29.2,0,2,0,94.3,70.3,71.9,69.5,5.06,169.9,63.6,71.5,116.6,0.8,0
SYN-PAT-000913,49.6,Female,West-Urban,158.0,72.1,28.9,0,0,0,122.4,69.1,75.1,80.1,4.45,171.8,61.0,78.0,159.6,0.87,0
SYN-PAT-000914,43.3,Female,West-Rural,147.8,46.1,21.1,0,0,0,102.9,80.4,64.2,80.7,4.74,155.6,58.1,61.8,151.4,1.05,0
SYN-PAT-000915,65.4,Female,North-Urban,161.1,72.7,28.0,0,0,0,131.5,61.1,67.7,100.2,5.56,190.7,50.7,116.3,144.7,1.19,0
SYN-PAT-000916,60.6,Female,West-Urban,150.6,51.7,22.8,0,1,1,118.3,70.2,72.8,127.2,6.12,143.6,51.6,57.2,179.0,1.09,0
SYN-PAT-000917,44.1,Female,West-Rural,154.0,62.4,26.3,0,1,0,116.0,68.7,77.8,,4.83,128.3,43.5,62.0,170.5,0.56,0
SYN-PAT-000918,62.7,Male,East-Rural,166.1,75.3,27.3,0,1,1,144.4,72.7,67.3,102.7,5.3,199.2,,107.2,121.2,1.38,0
SYN-PAT-000919,59.6,Male,East-Rural,180.3,65.0,20.0,0,1,0,129.4,66.1,67.7,103.4,5.4,188.9,44.1,123.9,94.8,1.18,0
SYN-PAT-000920,59.3,Female,South-Urban,148.0,54.3,24.8,0,0,1,139.7,75.0,78.1,125.5,5.85,215.8,48.6,,167.3,0.81,1
SYN-PAT-000921,69.0,Female,South-Rural,148.4,59.0,26.8,0,1,0,115.5,68.7,68.5,,5.2,192.8,57.4,107.5,137.2,0.85,0
SYN-PAT-000922,62.0,Male,East-Urban,162.9,63.2,23.8,0,0,0,129.0,69.5,69.7,107.3,4.69,158.3,33.1,89.1,103.9,1.23,0
SYN-PAT-000923,53.4,Female,South-Rural,157.6,64.8,26.1,0,0,0,137.1,65.2,66.4,,4.21,134.6,,40.0,219.5,,0
SYN-PAT-000924,61.7,Male,East-Urban,163.5,76.2,28.5,0,1,1,150.2,66.4,63.8,127.2,6.07,172.3,46.4,101.3,120.2,1.15,0
SYN-PAT-000925,50.9,Male,South-Urban,158.4,61.7,24.6,0,2,0,104.3,65.1,89.1,90.6,4.76,197.3,45.8,137.6,77.2,0.91,0
SYN-PAT-000926,51.1,Female,North-Urban,147.4,55.6,25.6,0,1,0,119.6,67.9,68.0,91.9,5.35,227.2,51.5,161.3,111.2,0.75,0
SYN-PAT-000927,26.0,Female,West-Urban,156.8,70.1,28.5,0,1,1,124.9,71.5,82.0,70.6,4.78,175.5,58.2,91.2,141.9,0.69,0
SYN-PAT-000928,67.6,Female,West-Rural,153.8,65.3,27.6,0,0,0,132.3,73.5,87.5,122.1,5.16,166.0,41.2,78.8,166.0,0.73,0
SYN-PAT-000929,42.9,Female,South-Rural,169.0,71.4,25.0,0,0,0,107.9,64.2,70.9,96.6,5.01,156.1,59.0,48.5,215.2,1.01,0
SYN-PAT-000930,53.5,Female,East-Urban,155.2,51.3,21.3,0,0,0,102.9,64.3,74.7,106.2,4.99,159.5,40.4,97.9,101.8,0.48,0
SYN-PAT-000931,55.9,Male,South-Rural,177.5,87.0,27.6,0,2,0,116.8,64.5,68.0,65.0,,181.0,37.8,107.2,163.5,1.1,0
SYN-PAT-000932,65.3,Female,North-Urban,147.4,58.4,26.9,0,2,0,112.5,81.1,,103.3,5.64,229.0,44.6,141.0,206.6,0.79,0
SYN-PAT-000933,73.6,Male,West-Rural,165.9,85.3,31.0,0,2,0,141.5,71.3,54.8,97.4,6.3,241.5,30.8,197.0,149.6,,0
SYN-PAT-000934,38.5,Male,North-Rural,163.3,64.5,24.2,0,0,1,126.5,69.2,,129.0,,172.1,48.0,93.2,159.7,1.01,0
SYN-PAT-000935,34.5,Female,East-Urban,162.7,44.7,16.9,0,1,0,92.2,56.8,63.9,,,170.7,55.9,109.6,45.0,0.45,0
SYN-PAT-000936,37.6,Female,West-Urban,166.4,48.5,17.5,0,1,0,112.6,61.4,83.7,,5.29,146.0,46.5,42.5,184.5,0.9,0
SYN-PAT-000937,38.2,Female,North-Rural,149.9,60.2,26.8,0,1,0,127.9,73.3,67.9,85.4,5.64,132.0,48.9,54.8,179.0,0.64,0
SYN-PAT-000938,78.6,Female,South-Urban,152.0,55.9,24.2,0,1,0,137.7,73.7,85.9,113.1,4.75,253.1,57.3,197.6,133.7,1.24,0
SYN-PAT-000939,37.9,Male,West-Rural,161.9,67.1,25.6,0,1,0,97.2,62.5,65.6,74.8,5.19,113.2,48.6,44.4,168.5,1.06,0
SYN-PAT-000940,45.5,Female,East-Rural,143.2,51.1,24.9,0,0,1,124.8,69.7,88.7,103.9,5.55,131.0,49.7,40.0,192.9,1.13,0
SYN-PAT-000941,33.6,Male,South-Rural,170.4,67.1,23.1,0,0,1,111.4,62.9,,88.2,,222.8,34.5,197.3,,0.98,0
SYN-PAT-000942,51.0,Female,East-Urban,156.4,59.7,24.4,0,0,1,120.9,73.8,77.1,148.0,6.45,185.8,47.0,116.0,115.5,1.03,0
SYN-PAT-000943,65.4,Female,West-Urban,155.1,53.6,22.3,0,0,0,122.3,85.9,67.5,,5.48,160.6,47.8,75.3,202.9,0.97,0
SYN-PAT-000944,71.1,Male,South-Rural,164.0,69.7,25.9,1,0,1,142.1,69.4,77.6,136.3,6.78,219.3,44.4,139.5,163.8,1.09,0
SYN-PAT-000945,35.5,Male,South-Urban,166.9,60.2,21.6,0,0,1,118.0,72.3,86.0,70.6,4.64,193.5,45.6,117.2,138.8,1.17,0
SYN-PAT-000946,35.5,Female,South-Urban,151.7,51.5,22.4,0,0,0,141.2,75.0,70.6,,4.94,135.5,44.6,43.3,125.7,,0
SYN-PAT-000947,45.1,Female,South-Rural,158.5,58.3,23.2,0,1,0,119.8,75.2,66.2,94.7,5.22,,51.6,87.4,170.1,0.85,0
SYN-PAT-000948,65.1,Male,East-Urban,165.5,67.7,24.7,1,2,0,154.9,83.6,64.3,123.3,6.03,219.4,54.5,127.1,,1.09,0
SYN-PAT-000949,77.8,Female,West-Urban,153.8,70.7,29.9,1,2,0,152.4,80.9,81.5,118.9,5.62,186.5,45.9,102.3,182.0,1.24,0
SYN-PAT-000950,41.1,Female,West-Rural,156.9,58.3,23.7,0,0,1,115.5,69.1,79.4,102.2,5.33,186.0,57.4,122.3,45.0,0.66,0
SYN-PAT-000951,38.6,Male,North-Urban,169.3,80.0,27.9,0,0,0,120.7,68.6,85.5,99.0,5.19,221.4,47.4,136.4,167.5,0.92,0
SYN-PAT-000952,60.5,Female,West-Rural,156.0,75.9,31.2,0,0,0,119.1,66.7,76.7,75.4,4.43,132.7,48.3,47.4,198.0,0.94,0
SYN-PAT-000953,28.2,Male,North-Urban,162.7,70.4,26.6,0,2,0,115.7,69.6,67.2,75.1,4.29,163.6,45.5,114.8,76.6,1.2,0
SYN-PAT-000954,65.9,Male,West-Urban,172.5,82.4,27.7,0,1,0,109.8,59.7,73.8,112.2,4.78,206.3,51.2,,112.7,1.01,0
SYN-PAT-000955,63.6,Male,East-Rural,177.7,84.6,26.8,1,0,0,127.4,68.5,82.0,123.9,6.32,146.2,29.3,79.5,179.3,1.06,0
SYN-PAT-000956,49.2,Male,West-Rural,170.1,80.7,27.9,0,2,1,126.0,81.3,65.1,101.1,,173.5,,97.1,157.2,,0
SYN-PAT-000957,63.2,Male,West-Urban,173.2,77.4,25.8,0,0,0,145.0,77.3,84.3,101.2,4.2,224.2,47.1,164.8,71.5,0.99,0
SYN-PAT-000958,26.1,Male,South-Rural,172.6,80.4,27.0,0,2,1,128.4,79.9,70.1,71.8,4.77,152.5,45.0,80.5,93.6,1.02,0
SYN-PAT-000959,42.3,Male,South-Rural,178.6,84.8,26.6,1,0,0,123.0,83.0,52.4,120.9,,140.8,43.3,69.0,153.1,1.02,0
SYN-PAT-000960,67.6,Female,East-Urban,146.4,52.3,24.4,0,0,0,133.7,72.3,79.9,121.9,4.72,227.8,52.3,145.9,182.4,1.0,0
SYN-PAT-000961,42.9,Female,South-Rural,140.6,54.8,27.7,0,1,0,132.9,76.0,59.4,108.0,4.96,196.5,,125.0,118.9,1.18,0
SYN-PAT-000962,45.7,Male,East-Urban,175.4,76.3,24.8,0,2,1,104.2,65.0,73.8,112.9,4.99,,52.9,97.0,131.4,0.7,0
SYN-PAT-000963,36.9,Male,West-Urban,158.0,58.7,23.5,0,2,0,119.1,64.1,73.8,116.4,5.1,172.3,43.5,107.9,90.0,1.4,0
SYN-PAT-000964,41.0,Female,South-Rural,160.5,57.7,22.4,0,1,0,105.6,59.7,71.7,74.1,5.12,205.2,48.9,,182.7,1.02,0
SYN-PAT-000965,38.8,Male,South-Urban,161.6,64.5,24.7,0,0,0,114.2,75.8,77.0,74.3,4.54,186.0,50.7,96.5,139.1,0.92,0
SYN-PAT-000966,18.0,Female,North-Rural,141.1,53.0,26.6,0,0,1,101.0,68.7,82.2,116.0,5.28,184.6,,119.1,92.4,0.75,0
SYN-PAT-000967,59.8,Male,West-Urban,164.4,77.6,28.7,1,2,0,142.5,90.7,,122.2,6.13,176.8,38.8,99.7,111.2,1.02,0
SYN-PAT-000968,30.3,Male,South-Rural,169.8,71.8,24.9,0,1,0,118.4,77.7,76.2,66.1,4.67,118.8,46.6,58.1,72.4,1.01,0
SYN-PAT-000969,50.6,Male,North-Rural,174.5,82.2,27.0,0,1,0,135.4,69.3,79.9,88.9,,205.6,37.3,132.2,223.8,1.47,0
SYN-PAT-000970,67.8,Female,North-Urban,153.6,72.2,30.6,0,0,0,141.4,83.5,88.9,140.4,,234.5,44.4,170.6,164.2,0.9,0
SYN-PAT-000971,61.5,Male,East-Rural,161.7,64.8,24.8,0,1,1,130.9,70.8,60.1,119.4,5.66,186.3,46.9,128.2,133.5,1.09,0
SYN-PAT-000972,74.5,Female,West-Rural,155.1,52.7,21.9,0,0,1,155.8,86.9,,127.5,5.21,,56.6,130.3,143.6,0.94,0
SYN-PAT-000973,69.0,Female,West-Rural,155.8,74.8,30.8,0,1,0,119.8,68.8,62.8,89.9,5.93,,49.1,119.4,146.6,0.87,0
SYN-PAT-000974,42.3,Female,West-Urban,150.8,50.5,22.2,0,2,1,136.4,65.7,57.3,112.7,5.39,174.5,62.3,,123.1,0.8,0
SYN-PAT-000975,41.8,Male,North-Urban,168.6,61.4,21.6,0,1,1,111.8,62.0,71.7,74.3,4.23,225.1,49.0,167.2,127.0,0.8,0
SYN-PAT-000976,43.5,Female,South-Rural,152.2,40.5,17.5,0,1,0,119.6,62.9,68.3,65.0,4.2,164.0,50.5,,116.0,0.8,0
SYN-PAT-000977,55.4,Female,West-Rural,146.4,58.3,27.2,1,0,1,129.6,67.3,82.8,125.7,6.09,181.7,67.7,95.9,99.1,0.94,0
SYN-PAT-000978,27.8,Male,East-Urban,171.9,50.8,17.2,0,0,0,95.4,58.8,67.6,102.4,4.77,109.3,56.1,40.0,139.5,0.82,0
SYN-PAT-000979,57.8,Male,North-Urban,165.5,61.1,22.3,0,2,0,130.5,78.7,64.7,90.6,5.07,,48.7,100.0,117.1,0.7,0
SYN-PAT-000980,66.4,Male,South-Urban,170.0,80.6,27.9,0,0,1,146.7,91.0,75.0,108.1,4.82,179.7,,103.1,135.2,1.16,0
SYN-PAT-000981,43.0,Male,North-Rural,156.7,66.3,27.0,1,2,0,132.2,64.1,59.7,,5.72,187.4,48.2,98.3,112.0,1.03,0
SYN-PAT-000982,46.3,Female,East-Urban,153.8,52.0,22.0,0,1,0,111.6,77.5,62.6,,4.53,170.6,69.0,69.9,86.0,1.19,0
SYN-PAT-000983,34.2,Male,West-Rural,162.9,61.6,23.2,0,1,1,155.8,74.6,78.5,97.8,4.92,160.5,50.0,102.2,135.2,1.05,0
SYN-PAT-000984,35.3,Male,East-Urban,165.2,55.9,20.5,0,2,1,125.2,73.2,60.7,126.4,5.23,167.1,42.5,,154.8,1.16,0
SYN-PAT-000985,58.4,Female,South-Rural,150.8,52.5,23.1,0,1,1,136.9,61.5,79.1,102.1,5.61,187.4,38.8,115.5,112.6,0.88,0
SYN-PAT-000986,52.7,Female,South-Urban,154.3,61.7,25.9,0,2,0,120.7,75.2,71.9,86.1,4.64,221.2,47.1,151.1,68.9,1.13,0
SYN-PAT-000987,53.6,Female,North-Rural,164.6,62.3,23.0,0,0,1,115.5,54.2,,121.1,5.46,227.9,43.4,191.3,95.7,,0
SYN-PAT-000988,64.4,Female,South-Urban,158.3,61.6,24.6,0,1,0,126.9,74.6,73.9,88.0,4.84,212.5,48.2,137.0,133.2,1.06,0
SYN-PAT-000989,31.6,Male,North-Urban,167.4,50.4,18.0,1,1,0,125.6,71.9,72.2,76.5,5.28,200.6,56.1,143.3,55.6,1.12,0
SYN-PAT-000990,46.6,Male,South-Rural,155.2,69.4,28.8,0,0,0,112.2,71.7,77.0,75.4,,211.7,42.7,145.9,124.4,1.14,0
SYN-PAT-000991,36.0,Male,East-Urban,161.7,67.5,25.8,0,1,0,102.9,61.8,68.5,94.4,,191.1,53.6,95.8,109.5,1.34,0
SYN-PAT-000992,49.4,Female,East-Urban,147.1,59.9,27.7,0,1,0,131.1,78.2,62.2,100.1,4.46,229.0,55.9,158.8,,0.79,0
SYN-PAT-000993,59.8,Female,North-Urban,159.2,76.5,30.2,1,2,0,142.3,80.2,79.2,123.7,5.39,161.4,54.1,90.7,102.9,1.23,0
SYN-PAT-000994,62.4,Male,East-Urban,162.8,59.1,22.3,1,0,1,124.0,69.3,71.0,124.5,6.11,171.1,42.6,93.6,168.3,1.33,0
SYN-PAT-000995,25.6,Female,East-Rural,156.1,53.4,21.9,0,1,1,93.6,69.1,61.2,103.7,4.63,142.8,,67.5,,0.71,0
SYN-PAT-000996,32.9,Male,South-Rural,170.6,48.0,16.5,0,0,1,123.3,68.3,74.3,96.8,4.98,155.6,60.7,,164.1,1.3,0
SYN-PAT-000997,71.1,Female,North-Urban,166.3,104.8,37.9,0,1,0,149.6,85.1,66.4,119.5,,233.8,47.2,151.1,170.1,1.02,0
SYN-PAT-000998,56.8,Male,South-Rural,172.1,72.6,24.5,0,1,1,109.7,67.4,,120.6,5.1,158.0,46.2,73.6,,1.07,0
SYN-PAT-000999,67.9,Female,North-Rural,153.2,69.7,29.7,0,1,1,121.0,74.1,67.5,100.8,5.97,216.8,45.7,143.4,192.2,0.97,0
SYN-PAT-001000,65.2,Female,South-Rural,157.3,51.7,20.9,0,0,0,123.2,74.6,65.8,65.0,4.69,173.9,47.6,106.3,,0.73,0
SYN-PAT-001001,54.8,Female,South-Rural,155.6,69.7,28.8,0,0,1,137.4,72.8,65.7,135.4,6.34,183.4,59.7,93.8,,1.08,0
SYN-PAT-001002,45.4,Male,North-Rural,164.0,84.7,31.5,0,0,0,132.8,66.3,81.0,114.3,5.87,195.8,32.4,115.9,184.8,1.16,0
SYN-PAT-001003,65.8,Male,North-Urban,160.3,65.3,25.4,0,0,0,145.3,78.6,71.6,100.2,5.08,243.2,43.4,157.6,192.5,1.16,0
SYN-PAT-001004,52.7,Female,South-Rural,147.9,45.9,21.0,0,1,0,102.9,74.8,,110.8,4.97,162.4,48.7,83.5,98.5,1.18,0
SYN-PAT-001005,67.1,Male,South-Urban,180.2,81.8,25.2,0,2,0,135.0,76.4,59.3,89.5,4.74,194.5,53.7,115.0,187.2,1.09,0
SYN-PAT-001006,60.0,Male,South-Rural,157.8,41.8,16.8,0,0,1,138.3,74.8,55.8,88.2,4.68,151.9,44.4,52.4,,0.83,0
SYN-PAT-001007,50.1,Male,North-Urban,180.7,80.3,24.6,0,0,0,138.4,74.4,73.7,79.9,5.52,164.8,34.8,110.4,177.6,1.43,0
SYN-PAT-001008,79.2,Male,West-Urban,166.1,81.7,29.6,1,1,0,153.0,85.0,86.4,123.5,5.07,179.5,45.9,98.0,242.4,1.44,0
SYN-PAT-001009,28.9,Female,East-Urban,157.9,58.1,23.3,0,1,1,137.8,72.8,73.6,68.5,4.23,176.5,71.9,86.4,45.0,0.92,0
SYN-PAT-001010,74.9,Female,West-Rural,154.8,60.1,25.1,0,0,1,143.8,72.7,99.9,103.9,4.8,213.6,,117.6,186.8,0.99,1
SYN-PAT-001011,29.7,Male,North-Rural,162.2,67.1,25.5,0,0,0,124.5,80.2,75.4,93.3,5.48,,36.6,120.7,137.9,1.02,0
SYN-PAT-001012,79.8,Male,East-Urban,164.2,77.6,28.8,0,0,0,142.9,73.0,75.5,90.8,5.84,188.2,57.0,91.7,219.2,1.02,0
SYN-PAT-001013,67.8,Male,North-Urban,160.2,50.0,19.5,1,0,0,124.4,76.8,52.8,83.7,4.86,204.6,51.6,148.5,93.2,1.11,0
SYN-PAT-001014,34.3,Male,East-Rural,166.4,66.7,24.1,0,0,0,102.8,75.0,75.9,,4.59,177.3,52.5,115.6,105.3,0.77,0
SYN-PAT-001015,65.4,Female,West-Rural,150.3,78.8,34.9,0,0,0,141.8,82.8,,125.5,5.83,205.7,56.0,101.5,219.5,1.05,0
SYN-PAT-001016,66.5,Male,East-Urban,181.9,68.2,20.6,1,1,0,131.5,62.6,64.9,84.1,,,60.1,,98.0,1.32,0
SYN-PAT-001017,45.7,Female,South-Rural,161.1,62.5,24.1,0,1,1,98.3,66.0,68.1,84.9,,185.8,44.0,,145.8,0.63,0
SYN-PAT-001018,56.2,Male,West-Rural,168.8,92.6,32.5,0,0,1,120.2,71.6,73.8,96.5,5.36,203.6,38.3,,166.8,1.21,0
SYN-PAT-001019,66.9,Female,South-Rural,162.4,78.9,29.9,0,1,0,132.3,71.3,69.2,101.2,5.45,205.1,47.6,125.3,160.6,1.03,0
SYN-PAT-001020,25.0,Male,North-Rural,160.0,54.3,21.2,0,1,0,114.4,69.5,86.3,65.0,4.72,175.8,50.9,113.3,135.0,1.04,0
SYN-PAT-001021,64.9,Male,South-Rural,173.2,79.2,26.4,1,2,0,137.9,80.9,63.7,138.3,5.12,216.2,38.8,165.9,110.6,1.12,0
SYN-PAT-001022,37.5,Female,West-Rural,159.7,61.0,23.9,0,0,0,114.0,65.7,,65.0,,145.2,47.7,90.6,95.8,0.93,0
SYN-PAT-001023,69.3,Female,South-Urban,141.9,46.3,23.0,0,1,0,119.8,68.9,65.6,92.6,5.09,189.5,63.6,122.6,145.6,0.85,0
SYN-PAT-001024,77.2,Male,South-Urban,172.9,77.7,26.0,0,1,0,138.8,73.4,76.4,109.7,5.53,218.7,42.2,158.8,115.7,0.92,0
SYN-PAT-001025,63.1,Male,West-Urban,159.6,62.2,24.4,0,0,0,145.2,84.9,73.9,86.1,4.77,185.7,32.6,115.9,202.1,0.9,0
SYN-PAT-001026,76.0,Female,East-Urban,157.5,66.2,26.7,0,2,0,140.3,73.8,64.5,112.0,5.47,231.2,54.4,163.7,133.6,0.96,0
SYN-PAT-001027,70.0,Male,North-Urban,173.2,69.3,23.1,0,1,0,114.0,59.7,52.7,86.7,4.51,198.6,,136.1,185.3,0.85,0
SYN-PAT-001028,53.7,Male,West-Urban,165.4,55.0,20.1,0,1,0,105.6,54.4,70.3,118.3,4.62,127.2,48.9,53.4,94.1,1.32,0
SYN-PAT-001029,41.3,Female,North-Rural,147.3,52.1,24.0,0,0,0,124.1,74.1,69.6,70.7,4.97,202.0,61.4,106.3,161.4,0.83,0
SYN-PAT-001030,70.0,Female,East-Rural,160.4,83.4,32.4,0,0,0,137.3,71.1,73.8,70.9,,204.0,22.0,149.7,110.7,1.18,0
SYN-PAT-001031,37.5,Male,West-Urban,163.2,64.7,24.3,0,1,0,114.3,74.4,59.3,66.3,4.37,126.9,49.3,43.3,188.8,1.12,0
SYN-PAT-001032,64.6,Male,East-Urban,173.9,73.5,24.3,1,0,0,128.8,62.5,84.5,107.5,4.93,187.0,56.6,99.5,199.0,1.14,0
SYN-PAT-001033,47.9,Male,North-Urban,162.3,72.2,27.4,0,1,0,129.6,69.6,77.4,95.8,5.8,151.4,43.1,74.1,123.4,1.7,1
SYN-PAT-001034,32.4,Male,North-Rural,184.7,78.5,23.0,0,0,0,107.7,57.5,84.2,,5.05,,,,87.2,1.46,0
SYN-PAT-001035,26.1,Female,West-Rural,159.3,77.1,30.4,0,1,0,111.9,73.9,80.6,102.1,5.11,175.3,42.2,97.2,156.8,0.99,0
SYN-PAT-001036,66.1,Female,North-Rural,145.1,54.1,25.7,1,1,1,127.9,77.6,74.7,103.5,5.55,170.8,32.5,114.5,92.3,0.81,0
SYN-PAT-001037,30.8,Female,West-Rural,168.8,74.7,26.2,0,0,0,124.2,74.6,63.1,80.7,5.73,197.1,52.1,,131.1,1.05,0
SYN-PAT-001038,44.1,Female,East-Urban,147.0,46.5,21.5,0,1,0,113.8,60.2,84.3,81.8,,,,94.5,93.2,0.52,0
SYN-PAT-001039,49.1,Male,North-Urban,163.0,70.7,26.6,0,0,1,130.9,68.1,65.0,143.2,5.85,180.1,46.7,92.4,134.7,1.32,0
SYN-PAT-001040,33.9,Male,West-Urban,166.9,69.1,24.8,1,0,1,105.4,69.3,70.2,113.3,5.71,139.8,39.5,87.5,101.1,0.48,0
SYN-PAT-001041,62.0,Female,North-Urban,151.0,57.5,25.2,0,0,0,150.3,64.9,,134.7,5.12,,62.3,82.6,118.2,0.94,0
SYN-PAT-001042,32.1,Female,South-Rural,160.1,55.6,21.7,0,0,1,125.4,69.2,78.1,111.3,5.33,145.8,38.3,81.6,189.6,1.02,0
SYN-PAT-001043,45.6,Male,East-Rural,170.6,64.0,22.0,0,0,0,94.8,75.7,76.6,88.8,5.76,,43.3,132.3,162.5,1.05,0
SYN-PAT-001044,57.7,Male,South-Urban,169.0,74.8,26.2,1,2,1,124.3,70.8,63.4,,5.1,144.8,53.9,55.6,89.0,0.83,0
SYN-PAT-001045,64.0,Male,South-Rural,145.7,59.2,27.9,0,0,0,138.6,64.6,68.1,108.6,5.39,196.7,38.3,,124.1,1.19,0
SYN-PAT-001046,70.2,Male,North-Rural,158.5,63.8,25.4,0,0,1,118.3,66.0,94.1,115.1,5.45,,48.5,,194.9,1.22,0
SYN-PAT-001047,48.8,Male,East-Rural,162.4,67.8,25.7,0,0,1,121.1,66.5,72.3,106.3,5.09,214.5,45.9,142.3,183.3,1.08,0
SYN-PAT-001048,33.6,Male,East-Rural,170.2,68.4,23.6,0,0,0,117.6,85.9,70.8,83.5,4.92,179.6,32.0,,,0.89,0
SYN-PAT-001049,57.7,Female,North-Urban,145.5,54.0,25.5,0,1,1,125.1,84.6,63.6,74.4,4.97,206.0,53.0,114.8,178.5,1.08,0
SYN-PAT-001050,43.6,Female,East-Rural,150.9,53.7,23.6,0,0,0,124.5,76.9,74.2,,,164.8,42.7,88.6,143.7,1.06,0
SYN-PAT-001051,75.3,Female,East-Urban,158.1,65.7,26.3,0,1,0,129.4,70.7,71.5,106.5,4.2,168.9,58.1,96.1,83.9,1.0,1
SYN-PAT-001052,70.4,Male,East-Rural,160.3,93.0,36.2,1,0,0,122.5,83.7,75.2,92.9,5.37,203.0,41.3,136.4,172.3,1.43,1
SYN-PAT-001053,67.5,Male,North-Rural,172.6,80.1,26.9,1,2,1,151.7,69.8,70.2,125.7,,220.8,47.2,151.5,155.2,1.17,0
SYN-PAT-001054,53.2,Male,East-Urban,171.6,80.4,27.3,0,0,0,138.1,83.5,88.1,84.5,4.69,211.9,29.7,147.3,152.6,1.01,0
SYN-PAT-001055,61.5,Female,East-Urban,153.8,64.1,27.1,0,1,0,160.9,87.4,65.0,,4.76,183.3,,,101.2,1.26,0
SYN-PAT-001056,18.1,Female,South-Rural,160.4,56.1,21.8,0,1,0,85.0,61.0,69.1,94.5,5.28,136.7,,46.5,75.1,0.89,0
SYN-PAT-001057,63.5,Female,East-Rural,153.5,71.6,30.4,0,0,0,143.7,86.2,68.3,126.4,6.52,171.1,58.8,90.5,141.4,0.88,0
SYN-PAT-001058,46.8,Female,North-Urban,156.5,57.3,23.4,0,1,0,96.0,61.7,71.6,89.3,5.13,177.6,57.4,93.9,112.1,0.68,0
SYN-PAT-001059,56.7,Male,West-Rural,160.7,75.1,29.1,1,1,1,156.9,70.7,65.7,108.2,6.13,198.5,39.9,128.3,136.6,1.47,0
SYN-PAT-001060,33.8,Male,South-Rural,169.9,64.9,22.5,0,0,1,117.5,76.8,67.4,86.6,5.18,213.1,45.4,161.8,116.1,0.95,0
SYN-PAT-001061,58.2,Male,North-Urban,173.6,64.8,21.5,0,1,0,112.8,67.5,56.2,81.3,5.02,190.0,47.3,118.4,151.4,1.08,0
SYN-PAT-001062,85.0,Male,East-Rural,163.6,75.5,28.2,0,2,0,154.0,83.8,68.1,113.4,,229.2,46.9,134.9,253.1,,0
SYN-PAT-001063,56.6,Male,South-Rural,176.2,64.9,20.9,0,1,0,116.2,82.4,72.1,,4.98,,54.6,82.2,172.0,1.31,0
SYN-PAT-001064,52.6,Male,East-Rural,170.9,78.6,26.9,1,2,0,135.3,69.3,82.8,84.3,4.83,190.5,,118.0,204.3,1.48,0
SYN-PAT-001065,68.6,Female,North-Rural,146.7,45.8,21.3,1,0,0,138.3,72.6,75.6,,4.6,197.0,,116.3,125.9,1.02,0
SYN-PAT-001066,24.8,Male,South-Rural,170.2,63.7,22.0,0,1,0,127.2,83.3,,79.7,,161.5,29.6,112.1,70.9,1.37,0
SYN-PAT-001067,42.1,Male,North-Urban,165.0,51.2,18.8,0,2,0,134.9,77.2,53.4,76.6,4.67,172.2,58.7,80.9,151.6,,0
SYN-PAT-001068,51.1,Male,North-Rural,172.0,105.0,35.5,0,0,0,125.1,69.8,64.7,89.1,,202.2,,128.9,171.2,1.01,0
SYN-PAT-001069,44.3,Female,South-Urban,160.3,46.5,18.1,0,2,1,126.4,63.0,53.8,,5.62,186.9,62.6,92.0,148.4,,0
SYN-PAT-001070,45.1,Female,North-Urban,142.6,49.6,24.4,0,0,1,123.8,67.5,,136.8,5.46,214.2,62.2,116.7,98.9,0.72,0
SYN-PAT-001071,38.8,Female,West-Rural,149.6,63.6,28.4,0,2,0,102.5,62.4,69.8,112.9,,118.8,58.6,40.0,,0.91,0
SYN-PAT-001072,50.7,Male,West-Urban,166.7,79.8,28.7,0,0,1,117.9,73.2,68.5,99.7,5.33,221.5,35.2,152.1,145.2,0.96,0
SYN-PAT-001073,41.7,Female,East-Rural,152.0,63.3,27.4,0,0,0,148.2,78.3,64.9,94.5,4.64,135.0,,61.0,122.3,0.62,0
SYN-PAT-001074,30.3,Male,North-Urban,174.0,67.5,22.3,0,2,1,113.9,70.7,58.5,123.9,4.68,178.0,42.6,115.3,102.9,0.63,0
SYN-PAT-001075,71.0,Male,South-Urban,167.3,87.0,31.1,0,0,0,151.4,73.2,68.8,90.8,4.87,272.3,42.1,196.6,196.1,1.16,0
SYN-PAT-001076,47.9,Female,North-Urban,151.2,64.0,28.0,0,0,1,121.6,71.5,84.4,124.7,5.03,186.4,56.5,,180.8,0.95,0
SYN-PAT-001077,34.0,Male,North-Rural,163.5,65.5,24.5,0,0,0,107.0,52.4,72.1,65.0,4.74,179.4,55.3,106.2,112.0,0.7,0
SYN-PAT-001078,60.7,Male,East-Urban,164.8,71.4,26.3,1,1,0,136.0,75.8,57.5,131.9,5.27,185.2,61.8,87.0,168.3,1.17,0
SYN-PAT-001079,40.7,Female,West-Urban,163.0,61.1,23.0,0,2,0,112.7,77.4,85.6,81.5,5.4,195.6,64.7,106.4,142.9,,0
SYN-PAT-001080,71.7,Male,North-Urban,169.8,64.9,22.5,0,0,0,114.6,58.2,62.2,141.2,5.91,206.6,46.8,111.4,183.0,1.12,0
SYN-PAT-001081,60.3,Female,South-Rural,154.5,71.6,30.0,0,1,0,120.6,76.1,65.7,137.3,5.98,179.2,54.2,88.1,205.3,0.77,0
SYN-PAT-001082,40.8,Female,West-Rural,151.6,66.9,29.1,0,0,0,129.6,69.6,,95.3,4.21,181.1,45.6,104.1,221.8,0.9,0
SYN-PAT-001083,48.5,Male,South-Urban,173.9,64.4,21.3,0,1,1,114.2,74.4,72.1,89.2,4.92,148.7,48.8,79.7,,1.01,0
SYN-PAT-001084,64.9,Male,North-Urban,165.9,68.8,25.0,0,0,0,131.2,74.5,68.5,105.1,5.2,191.8,41.1,100.6,214.8,1.32,0
SYN-PAT-001085,71.1,Male,South-Urban,159.2,64.4,25.4,0,0,0,137.5,77.8,62.1,101.3,4.58,187.9,45.6,102.7,164.5,0.96,0
SYN-PAT-001086,42.6,Male,East-Urban,171.2,70.6,24.1,0,0,0,121.6,71.4,64.1,84.2,4.84,183.3,39.1,132.5,87.2,1.04,0
SYN-PAT-001087,33.8,Male,North-Rural,176.3,74.6,24.0,1,1,0,132.7,83.3,61.5,65.0,4.24,153.8,29.7,110.1,98.5,0.77,0
SYN-PAT-001088,41.6,Male,South-Rural,173.7,83.9,27.8,0,2,0,107.3,71.5,,86.6,4.81,177.3,50.8,97.6,162.3,,0
SYN-PAT-001089,59.2,Male,East-Rural,176.1,69.5,22.4,0,1,0,132.4,67.5,70.5,75.9,4.62,188.5,56.2,97.5,172.1,0.92,0
SYN-PAT-001090,36.0,Male,North-Urban,166.4,57.0,20.6,0,0,0,120.3,70.3,70.1,,4.74,173.2,49.0,111.1,75.4,0.82,0
SYN-PAT-001091,61.2,Female,North-Rural,149.7,67.5,30.1,0,1,0,145.0,75.1,70.4,,5.81,206.5,57.7,121.6,132.8,0.99,0
SYN-PAT-001092,71.3,Male,West-Urban,162.5,63.9,24.2,0,1,0,116.8,71.1,60.4,,5.41,193.4,46.1,116.7,134.0,1.05,1
SYN-PAT-001093,63.0,Female,South-Urban,159.2,52.5,20.7,0,0,0,129.3,68.4,73.9,101.4,5.31,166.7,49.2,,103.7,1.23,0
SYN-PAT-001094,73.8,Male,East-Urban,167.4,68.1,24.3,0,0,1,155.8,73.4,83.2,100.9,4.9,202.3,44.4,145.1,79.7,1.45,0
SYN-PAT-001095,34.7,Female,West-Rural,162.0,59.0,22.5,0,0,0,111.0,69.6,70.5,,4.41,167.4,52.2,119.1,45.0,0.93,0
SYN-PAT-001096,25.3,Male,South-Urban,167.0,81.2,29.1,0,1,1,118.4,72.1,69.0,117.3,5.22,203.0,43.9,,117.3,1.06,0
SYN-PAT-001097,38.1,Female,West-Rural,146.9,59.3,27.5,0,1,0,127.6,81.2,70.8,83.5,5.49,212.9,59.7,,149.7,0.86,0
SYN-PAT-001098,46.1,Female,East-Urban,167.5,80.8,28.8,0,1,0,111.5,67.0,80.0,101.1,5.64,149.0,60.7,58.9,176.7,1.08,0
SYN-PAT-001099,53.3,Male,West-Rural,175.1,85.8,28.0,0,0,0,149.1,63.2,65.6,,5.69,208.4,,,95.4,1.07,0
SYN-PAT-001100,51.7,Female,East-Urban,146.5,61.0,28.4,0,0,0,132.5,71.8,85.7,130.6,6.37,213.5,39.0,154.5,96.0,1.29,0
SYN-PAT-001101,42.6,Male,North-Rural,166.7,60.0,21.6,0,2,0,122.0,58.0,,103.5,4.94,138.8,54.2,67.2,104.0,0.85,0
SYN-PAT-001102,70.7,Female,North-Urban,162.0,66.1,25.2,0,0,0,114.3,72.7,72.8,115.1,5.57,215.3,49.4,118.3,158.9,0.77,0
SYN-PAT-001103,63.6,Female,East-Rural,152.8,50.9,21.8,0,2,0,137.0,61.0,,66.0,4.44,215.5,59.7,122.9,185.9,,0
SYN-PAT-001104,82.5,Female,North-Urban,153.4,60.9,25.9,0,1,0,147.4,69.7,59.7,112.9,5.7,181.0,59.4,71.9,200.3,0.88,0
SYN-PAT-001105,57.8,Male,West-Urban,172.2,82.4,27.8,1,0,1,154.9,76.6,77.6,111.6,5.27,187.2,36.1,114.6,140.2,0.87,0
SYN-PAT-001106,46.0,Female,West-Urban,161.6,65.3,25.0,0,1,1,116.8,81.7,73.2,103.1,5.23,188.0,48.6,103.4,153.5,0.89,0
SYN-PAT-001107,39.5,Male,South-Rural,173.7,87.8,29.1,0,2,0,108.6,61.5,59.6,68.6,4.6,199.5,51.3,126.0,109.3,1.13,0
SYN-PAT-001108,47.2,Female,North-Urban,170.2,58.5,20.2,0,0,0,108.9,67.0,75.2,68.7,4.67,150.1,62.6,48.4,129.0,0.85,0
SYN-PAT-001109,72.3,Female,East-Urban,155.9,67.8,27.9,1,2,0,137.4,79.8,69.6,107.1,5.61,235.8,53.2,,164.9,0.78,0
SYN-PAT-001110,29.9,Female,East-Urban,161.9,49.3,18.8,0,0,0,92.9,74.1,69.4,99.6,,108.1,50.0,,167.1,0.64,0
SYN-PAT-001111,74.9,Female,South-Rural,160.2,68.3,26.6,0,1,1,153.2,84.4,77.2,109.0,5.39,240.6,56.9,165.6,186.7,1.22,0
SYN-PAT-001112,29.5,Male,South-Urban,157.4,65.2,26.3,0,2,0,128.5,81.3,62.0,81.9,4.89,189.0,49.7,123.0,96.5,0.9,0
SYN-PAT-001113,42.2,Male,East-Urban,170.7,68.2,23.4,1,2,0,120.7,77.0,,122.5,6.3,161.0,53.9,93.0,98.9,0.87,0
SYN-PAT-001114,54.3,Male,South-Rural,169.8,78.1,27.1,0,1,0,122.1,62.8,68.9,94.7,,214.9,35.4,143.6,136.9,0.8,0
SYN-PAT-001115,48.9,Female,East-Urban,158.3,52.6,21.0,0,1,1,96.9,67.2,63.3,99.6,4.63,150.5,68.8,57.1,63.8,0.75,0
SYN-PAT-001116,74.3,Female,East-Rural,151.3,45.3,19.8,0,0,0,140.0,80.0,75.5,96.5,,198.2,50.4,126.6,136.8,0.92,0
SYN-PAT-001117,43.0,Female,East-Urban,156.1,64.3,26.4,0,0,0,139.9,68.4,71.1,70.4,4.68,189.2,49.1,102.4,133.9,0.87,0
SYN-PAT-001118,73.6,Male,North-Rural,175.4,100.6,32.7,0,0,0,134.6,72.0,61.9,125.3,5.87,216.6,45.5,,201.6,1.28,1
SYN-PAT-001119,31.7,Female,South-Rural,168.5,56.2,19.8,0,0,0,106.8,60.3,55.9,69.8,4.75,143.8,39.0,,138.1,0.71,0
SYN-PAT-001120,43.2,Male,West-Rural,160.6,74.5,28.9,1,0,0,133.5,80.7,80.2,97.4,,171.8,36.6,114.4,,1.08,1
SYN-PAT-001121,71.0,Female,West-Urban,167.1,72.9,26.1,0,0,1,155.9,78.5,62.4,125.4,5.4,203.9,68.8,122.2,93.0,,0
SYN-PAT-001122,69.0,Female,North-Urban,150.9,47.4,20.8,0,2,0,132.0,69.8,67.8,132.7,6.0,172.4,54.7,101.6,93.8,0.78,0
SYN-PAT-001123,75.5,Female,South-Rural,159.6,55.8,21.9,0,1,1,136.4,63.9,69.2,90.1,4.89,205.9,48.9,127.6,127.9,1.38,0
SYN-PAT-001124,74.2,Female,South-Urban,163.7,70.2,26.2,0,0,0,139.2,74.9,69.7,122.4,5.39,185.4,48.5,97.4,191.7,0.91,0
SYN-PAT-001125,63.6,Male,East-Urban,164.2,64.7,24.0,0,2,0,112.2,64.5,82.9,115.4,5.73,221.0,49.0,131.2,175.7,1.2,0
SYN-PAT-001126,68.2,Female,South-Rural,151.8,47.9,20.8,0,0,1,111.8,69.6,73.0,97.9,5.32,235.9,44.5,151.5,133.9,0.75,0
SYN-PAT-001127,38.9,Male,East-Rural,166.3,48.7,17.6,1,1,0,106.6,57.1,74.1,92.3,4.96,161.0,47.1,72.0,211.1,,0
SYN-PAT-001128,58.8,Female,South-Rural,148.7,48.6,22.0,0,1,1,137.1,75.0,,136.8,6.59,213.3,62.6,,205.8,0.98,0
SYN-PAT-001129,44.1,Male,East-Rural,168.0,70.8,25.1,0,0,1,115.5,66.5,70.6,,,175.7,46.8,78.2,,1.31,0
SYN-PAT-001130,35.3,Female,West-Urban,164.9,64.7,23.8,0,1,0,107.2,58.3,69.0,92.5,5.41,148.2,63.7,67.3,155.9,0.74,0
SYN-PAT-001131,72.2,Male,West-Urban,178.9,77.1,24.1,1,0,1,133.6,63.6,84.7,122.6,6.72,186.8,41.7,122.1,176.1,,0
SYN-PAT-001132,48.3,Male,East-Urban,163.6,68.0,25.4,0,0,1,120.5,62.2,81.8,117.1,5.41,187.2,29.1,130.5,157.6,1.09,0
SYN-PAT-001133,41.0,Male,North-Urban,166.6,78.0,28.1,0,0,0,140.8,74.8,89.9,109.9,5.17,,40.6,83.2,67.3,,0
SYN-PAT-001134,40.8,Female,East-Urban,152.1,59.2,25.6,0,2,0,116.3,71.1,68.5,95.7,5.44,197.7,57.7,119.8,91.8,0.51,0
SYN-PAT-001135,47.2,Male,South-Urban,178.8,77.0,24.1,0,1,0,111.0,70.6,61.8,102.6,5.05,184.9,50.0,109.8,127.5,1.1,0
SYN-PAT-001136,24.2,Female,North-Rural,165.3,73.0,26.7,0,1,0,110.3,71.5,66.2,71.1,,198.7,43.4,124.4,131.1,0.45,0
SYN-PAT-001137,54.0,Female,North-Urban,156.6,52.2,21.3,0,1,0,142.8,69.0,,,4.54,200.6,46.3,128.8,129.2,0.94,0
SYN-PAT-001138,50.7,Female,North-Urban,169.1,68.3,23.9,0,0,0,116.1,77.6,78.7,85.9,5.1,187.9,55.5,103.7,150.5,1.06,0
SYN-PAT-001139,55.1,Female,West-Urban,149.2,53.9,24.2,0,1,0,110.7,65.2,64.3,74.5,4.2,177.8,51.2,134.4,55.1,1.15,0
SYN-PAT-001140,58.7,Male,North-Rural,162.4,54.1,20.5,0,0,0,117.6,72.3,45.4,84.1,4.7,228.3,37.3,165.2,157.2,1.22,0
SYN-PAT-001141,66.1,Female,South-Rural,152.6,56.1,24.1,0,0,0,132.3,72.0,93.2,105.7,5.22,255.5,,177.7,154.6,0.93,0
SYN-PAT-001142,36.8,Male,East-Urban,162.9,42.5,16.0,1,1,0,122.0,71.4,62.4,86.5,4.53,156.5,44.3,91.6,98.0,1.09,0
SYN-PAT-001143,53.9,Male,South-Rural,163.7,86.3,32.2,0,0,0,143.0,76.4,69.4,83.7,4.2,225.8,39.0,138.9,203.8,1.57,0
SYN-PAT-001144,53.8,Male,South-Rural,174.1,64.9,21.4,0,0,1,109.2,70.3,85.8,87.6,4.2,163.8,41.3,98.9,90.6,1.06,0
SYN-PAT-001145,47.7,Male,East-Urban,159.1,77.5,30.6,1,2,0,120.8,72.6,57.6,115.0,5.18,174.2,48.5,105.7,145.5,1.21,0
SYN-PAT-001146,77.0,Female,South-Urban,169.1,75.8,26.5,0,1,0,134.9,80.6,79.5,117.5,5.75,193.9,42.6,110.5,179.3,0.97,0
SYN-PAT-001147,57.4,Male,North-Urban,154.6,65.3,27.3,0,1,0,136.9,69.1,65.1,117.5,5.64,212.1,47.7,134.6,118.1,1.31,0
SYN-PAT-001148,50.8,Female,East-Rural,162.5,60.5,22.9,0,0,0,106.2,53.9,60.7,117.8,5.45,153.3,61.0,75.9,,1.02,0
SYN-PAT-001149,77.5,Male,North-Rural,177.5,85.4,27.1,0,0,0,132.3,66.8,87.5,119.0,5.14,249.2,40.9,176.8,121.1,1.1,1
SYN-PAT-001150,66.8,Male,North-Urban,165.5,77.2,28.2,0,1,1,127.5,81.4,78.1,111.0,5.55,226.4,43.3,162.1,,1.29,1
SYN-PAT-001151,63.3,Male,South-Rural,165.8,77.0,28.0,0,1,0,143.9,75.8,78.1,106.9,4.5,216.2,47.8,139.8,150.2,,0
SYN-PAT-001152,56.8,Female,North-Rural,158.5,70.6,28.1,0,1,1,135.4,75.8,73.4,144.2,4.98,185.3,46.4,105.1,155.0,1.08,0
SYN-PAT-001153,62.4,Female,East-Rural,148.5,52.9,24.0,0,2,0,139.5,66.9,71.3,149.0,5.99,215.5,65.3,,121.0,0.97,0
SYN-PAT-001154,54.6,Female,North-Urban,151.4,53.2,23.2,0,2,0,139.8,75.1,55.6,103.4,4.93,104.5,50.0,40.0,85.1,1.16,0
SYN-PAT-001155,71.5,Female,North-Urban,156.8,48.9,19.9,0,0,1,126.5,63.0,72.2,119.2,5.89,205.6,42.5,,,0.83,0
SYN-PAT-001156,50.7,Female,South-Urban,158.0,66.7,26.7,0,2,1,110.3,62.6,59.0,123.2,5.69,192.4,48.8,101.7,139.9,0.87,0
SYN-PAT-001157,34.8,Male,North-Urban,159.6,71.1,27.9,0,1,0,102.6,64.8,58.4,93.7,5.79,126.2,39.6,67.1,164.3,0.96,0
SYN-PAT-001158,65.7,Female,North-Urban,158.0,79.4,31.8,0,1,1,115.1,75.1,74.7,143.7,5.86,215.1,59.1,137.5,141.8,1.16,0
SYN-PAT-001159,76.6,Female,East-Rural,155.0,66.1,27.5,0,0,0,133.9,78.7,83.0,127.6,5.94,222.2,47.0,162.0,85.0,0.87,0
SYN-PAT-001160,51.8,Male,East-Rural,169.5,62.9,21.9,0,1,1,116.4,73.4,65.5,110.7,5.18,,43.6,87.5,45.0,1.1,0
SYN-PAT-001161,79.5,Male,North-Rural,163.9,53.7,20.0,0,2,0,144.1,62.7,,95.2,5.58,165.3,37.9,,134.3,1.16,0
SYN-PAT-001162,25.4,Female,South-Rural,167.1,75.9,27.2,0,1,1,111.2,69.5,60.4,,4.54,229.9,,153.2,133.5,0.76,0
SYN-PAT-001163,41.3,Female,East-Rural,161.6,45.4,17.4,0,1,0,105.6,63.9,67.7,95.4,5.31,165.4,,86.2,103.6,0.88,0
SYN-PAT-001164,55.6,Female,North-Rural,158.5,59.5,23.7,0,0,0,123.3,59.6,78.6,100.0,4.63,,53.7,144.0,118.7,0.68,0
SYN-PAT-001165,43.6,Female,North-Urban,161.7,61.4,23.5,0,0,0,105.4,67.3,78.9,77.8,4.48,211.0,66.3,117.0,65.4,1.05,0
SYN-PAT-001166,67.4,Male,West-Urban,181.0,83.5,25.5,1,0,0,151.0,75.9,,82.9,4.76,208.3,43.5,149.7,77.6,1.28,0
SYN-PAT-001167,82.0,Female,North-Rural,151.7,61.7,26.8,0,0,0,132.4,77.9,,122.6,6.18,236.8,,,187.7,0.91,0
SYN-PAT-001168,57.2,Male,West-Urban,164.8,69.8,25.7,0,1,0,113.6,70.2,64.1,70.6,4.2,131.8,50.7,59.9,139.8,1.01,0
SYN-PAT-001169,55.6,Male,North-Rural,177.9,50.3,15.9,0,0,0,127.9,65.7,77.0,91.4,4.67,171.7,53.2,92.6,105.3,,0
SYN-PAT-001170,33.4,Male,North-Rural,167.8,67.0,23.8,0,1,1,119.4,77.3,76.1,114.6,5.24,100.0,53.5,,,1.04,0
SYN-PAT-001171,56.3,Female,West-Urban,162.9,44.1,16.6,0,0,0,98.3,50.0,68.9,97.1,4.2,130.5,66.7,40.0,82.5,0.69,0
SYN-PAT-001172,48.1,Female,East-Urban,151.9,63.2,27.4,0,0,1,134.0,74.1,69.5,102.9,5.02,171.8,46.5,102.6,148.7,0.76,0
SYN-PAT-001173,55.1,Male,North-Rural,145.9,48.7,22.9,0,0,0,114.8,55.8,81.9,72.4,4.2,167.6,51.0,79.6,151.8,1.18,0
SYN-PAT-001174,38.0,Female,West-Urban,167.6,44.4,15.8,0,2,0,103.8,57.6,61.1,89.4,4.2,167.7,76.0,77.3,99.3,0.92,0
SYN-PAT-001175,58.3,Female,East-Rural,152.1,51.1,22.1,0,0,0,127.0,75.4,78.1,116.8,5.3,186.7,49.8,87.2,198.0,1.0,0
SYN-PAT-001176,50.6,Female,West-Rural,156.0,55.0,22.6,0,0,0,128.0,62.3,70.7,82.4,4.61,186.7,49.4,114.8,111.2,0.85,0
SYN-PAT-001177,73.5,Female,West-Rural,157.9,76.3,30.6,0,2,0,145.7,67.5,59.0,121.4,5.53,212.3,50.9,128.6,230.1,1.19,0
SYN-PAT-001178,33.6,Male,West-Rural,169.2,70.1,24.5,1,2,0,118.7,88.2,80.1,,5.57,183.5,53.0,104.4,136.2,0.91,0
SYN-PAT-001179,42.9,Female,West-Rural,163.0,68.0,25.6,0,1,0,114.2,59.5,70.7,99.6,,154.7,50.6,87.5,142.1,0.68,0
SYN-PAT-001180,55.5,Male,East-Urban,172.6,87.9,29.5,0,0,0,134.5,87.7,67.6,96.5,5.93,174.1,43.0,91.3,197.8,1.39,0
SYN-PAT-001181,69.2,Female,South-Rural,165.1,69.5,25.5,0,0,0,132.3,72.4,60.8,122.7,,,39.3,126.6,132.1,1.09,0
SYN-PAT-001182,30.1,Male,West-Urban,169.4,75.8,26.4,0,2,1,134.6,70.5,55.9,88.2,5.49,,42.0,110.1,115.8,0.84,0
SYN-PAT-001183,59.2,Male,North-Rural,172.2,82.7,27.9,0,2,1,137.3,79.7,64.1,91.7,4.25,164.6,41.8,,105.7,1.15,0
SYN-PAT-001184,72.1,Male,South-Urban,166.5,58.5,21.1,0,1,1,120.5,79.8,,126.0,5.22,225.4,,121.0,187.6,1.17,0
SYN-PAT-001185,35.0,Female,West-Rural,156.7,72.2,29.4,0,0,1,112.5,61.9,68.6,,5.5,201.2,65.6,109.6,156.0,0.73,0
SYN-PAT-001186,70.7,Female,North-Urban,145.5,43.4,20.5,0,0,0,130.8,68.0,83.7,92.3,4.81,169.4,43.5,78.2,191.7,1.05,0
SYN-PAT-001187,41.0,Female,West-Rural,155.7,66.9,27.6,0,0,0,135.6,81.4,72.0,84.1,4.37,176.8,45.0,,,,0
SYN-PAT-001188,45.7,Male,West-Rural,169.8,53.9,18.7,0,1,1,131.9,73.7,57.9,89.2,4.2,231.3,43.5,159.8,166.8,1.21,0
SYN-PAT-001189,41.7,Male,North-Urban,173.1,79.4,26.5,0,0,0,114.7,78.3,68.9,119.5,5.87,186.3,43.5,134.6,107.8,1.0,0
SYN-PAT-001190,61.5,Male,East-Urban,153.9,77.0,32.5,1,2,1,130.2,79.2,57.5,,6.57,213.0,41.8,130.7,213.3,0.84,0
SYN-PAT-001191,38.4,Female,North-Urban,143.0,47.4,23.2,0,0,0,102.1,79.9,64.8,120.9,5.63,158.6,48.0,74.9,110.6,0.75,0
SYN-PAT-001192,60.6,Male,North-Urban,163.9,65.5,24.4,0,1,0,131.0,74.4,61.8,118.7,5.27,182.8,50.7,95.7,148.5,1.01,0
SYN-PAT-001193,18.0,Female,East-Urban,151.4,57.5,25.1,0,0,0,132.8,75.3,56.3,91.3,4.46,207.0,,118.8,146.9,0.45,0
SYN-PAT-001194,52.9,Male,North-Urban,158.0,58.9,23.6,0,1,1,129.6,74.9,82.0,81.2,4.71,188.8,50.9,92.3,237.8,1.06,0
SYN-PAT-001195,40.2,Female,North-Rural,163.3,82.7,31.0,0,0,1,103.3,67.9,75.8,,4.79,184.2,51.9,94.6,,,0
SYN-PAT-001196,72.1,Male,West-Rural,175.2,82.3,26.8,1,1,1,133.7,80.7,64.1,157.6,5.97,202.1,34.8,131.7,202.7,1.17,1
SYN-PAT-001197,64.0,Female,South-Rural,160.7,62.8,24.3,0,1,1,122.3,72.9,71.2,104.4,5.78,264.9,46.2,203.1,127.9,1.08,0
SYN-PAT-001198,66.6,Female,East-Urban,153.9,55.9,23.6,0,0,0,120.8,76.5,,127.7,4.83,195.6,39.1,128.4,157.6,0.97,0
SYN-PAT-001199,68.1,Male,South-Urban,167.1,62.0,22.2,0,2,0,125.6,78.3,45.0,100.2,5.4,170.6,51.9,98.8,144.2,1.07,0
SYN-PAT-001200,52.2,Female,East-Urban,151.1,51.1,22.4,0,1,1,126.1,74.6,94.0,65.0,5.06,165.4,67.1,56.6,195.2,0.77,0
SYN-PAT-001201,53.4,Male,East-Rural,171.3,69.3,23.6,0,2,0,131.6,76.7,67.8,106.7,5.61,207.8,51.1,162.8,134.3,0.86,0
SYN-PAT-001202,36.6,Male,South-Urban,167.4,61.7,22.0,0,2,0,125.9,63.6,,109.1,5.45,133.1,51.3,51.7,178.3,1.16,0
SYN-PAT-001203,37.3,Male,East-Rural,176.2,66.4,21.4,0,2,0,118.9,65.4,49.2,85.0,4.57,185.4,36.2,142.7,66.7,1.12,0
SYN-PAT-001204,33.9,Female,West-Urban,158.1,79.2,31.7,0,0,0,96.1,73.9,61.5,120.1,5.34,162.7,51.5,87.5,206.2,0.7,0
SYN-PAT-001205,39.5,Female,West-Urban,157.0,49.8,20.2,0,0,0,100.2,75.7,85.4,65.0,4.2,120.8,55.5,49.5,83.6,0.45,0
SYN-PAT-001206,70.1,Male,East-Urban,168.4,75.2,26.5,0,2,0,133.1,59.6,79.6,80.6,4.78,172.8,52.3,74.5,197.7,1.26,0
SYN-PAT-001207,48.7,Female,East-Rural,149.0,59.7,26.9,0,1,1,125.4,68.3,76.4,113.2,5.24,187.6,52.0,126.7,,0.72,0
SYN-PAT-001208,63.9,Male,South-Urban,170.4,81.0,27.9,0,0,1,143.1,76.9,63.7,125.5,5.37,,,178.7,186.8,1.19,0
SYN-PAT-001209,43.7,Female,North-Rural,157.3,59.6,24.1,0,1,0,119.0,63.7,82.1,116.3,5.43,205.8,50.1,138.5,93.6,0.57,1
SYN-PAT-001210,66.4,Female,East-Urban,138.9,47.8,24.8,0,0,0,132.2,67.3,76.3,113.4,5.42,187.6,,,197.7,1.0,0
SYN-PAT-001211,63.4,Female,East-Urban,161.8,71.2,27.2,0,1,0,134.8,78.3,75.6,82.3,4.52,,43.8,,194.0,0.95,0
SYN-PAT-001212,60.2,Female,North-Urban,151.8,60.6,26.3,0,2,1,126.4,84.5,70.6,117.2,6.22,183.6,59.1,108.2,128.2,0.51,0
SYN-PAT-001213,40.3,Female,East-Urban,146.3,49.4,23.1,0,1,0,116.8,54.3,56.2,100.1,5.43,135.8,47.3,73.1,152.8,1.12,0
SYN-PAT-001214,58.7,Male,West-Rural,175.3,59.3,19.3,0,0,0,136.1,71.4,60.9,65.0,4.75,184.8,47.6,103.7,172.4,1.07,0
SYN-PAT-001215,43.0,Male,West-Urban,156.2,54.9,22.5,0,0,0,115.7,72.6,67.5,88.8,4.82,135.7,50.5,71.7,90.2,0.96,0
SYN-PAT-001216,42.1,Female,West-Rural,162.9,52.8,19.9,0,0,0,113.7,73.7,76.7,79.8,4.88,196.3,57.8,133.2,77.6,0.92,0
SYN-PAT-001217,33.4,Male,East-Urban,170.7,61.8,21.2,1,1,1,115.9,71.2,56.8,84.2,4.35,192.6,,123.6,72.7,0.95,0
SYN-PAT-001218,64.8,Female,West-Urban,155.0,61.7,25.7,0,0,1,147.0,90.2,71.2,123.4,5.91,171.2,49.2,93.0,104.5,1.07,0
SYN-PAT-001219,56.2,Male,West-Urban,169.4,75.8,26.4,0,1,0,114.0,70.1,68.3,79.2,4.64,195.2,45.2,142.3,,0.86,0
SYN-PAT-001220,31.3,Male,North-Rural,157.9,75.5,30.3,1,1,0,144.2,87.6,77.6,102.5,4.8,183.4,35.9,114.5,,0.98,0
SYN-PAT-001221,50.3,Male,North-Urban,160.8,58.7,22.7,0,1,0,106.8,62.4,74.7,,5.14,207.2,44.0,126.4,158.8,0.68,0
SYN-PAT-001222,24.1,Female,South-Rural,149.5,58.3,26.1,0,2,1,101.5,67.5,58.2,118.2,5.38,135.0,59.6,65.8,52.7,,0
SYN-PAT-001223,30.5,Female,East-Rural,159.0,62.4,24.7,0,1,1,120.7,61.8,81.7,79.2,5.75,189.2,56.0,117.5,103.7,1.04,0
SYN-PAT-001224,74.6,Female,South-Urban,154.1,73.9,31.1,1,0,0,159.8,88.1,64.1,86.3,,,56.0,74.2,129.7,0.81,0
SYN-PAT-001225,55.7,Male,South-Rural,159.3,69.0,27.2,1,1,0,116.9,69.9,,105.8,5.99,213.5,52.0,131.0,188.5,1.01,0
SYN-PAT-001226,69.2,Female,North-Urban,162.1,57.8,22.0,0,1,1,117.6,72.1,64.1,106.2,5.72,224.0,42.9,,129.7,0.59,0
SYN-PAT-001227,37.4,Male,West-Rural,158.1,43.5,17.4,1,0,0,118.6,65.9,72.0,132.9,,149.3,55.2,101.6,45.4,0.99,0
SYN-PAT-001228,42.3,Female,West-Rural,155.1,61.1,25.4,0,1,0,146.9,81.2,71.5,101.3,4.96,215.0,60.1,124.0,143.7,0.98,0
SYN-PAT-001229,77.6,Male,West-Rural,176.9,76.0,24.3,1,0,0,158.2,82.0,74.0,106.8,4.47,158.4,47.7,87.0,187.2,1.33,0
SYN-PAT-001230,59.2,Female,North-Rural,157.8,53.5,21.5,0,0,0,121.8,62.7,77.4,91.6,4.52,218.0,51.6,146.1,99.1,0.82,0
SYN-PAT-001231,68.5,Female,West-Urban,157.3,52.0,21.0,0,2,1,100.4,58.3,,87.9,5.13,232.9,45.4,,,0.55,0
SYN-PAT-001232,28.6,Female,West-Rural,160.9,62.1,24.0,0,2,0,111.1,68.3,72.9,,4.9,180.0,48.9,117.1,,0.53,0
SYN-PAT-001233,33.6,Female,South-Urban,151.2,67.2,29.4,0,1,0,121.8,77.5,74.5,93.3,5.23,174.5,55.2,101.6,193.0,1.03,0
SYN-PAT-001234,34.8,Female,East-Rural,152.0,51.3,22.2,0,1,0,107.4,81.2,58.1,,4.2,180.9,42.4,105.4,103.5,0.94,0
SYN-PAT-001235,64.0,Male,East-Urban,167.4,77.9,27.8,0,2,0,122.6,74.5,69.5,106.5,5.51,181.0,50.1,109.8,130.3,1.11,0
SYN-PAT-001236,26.3,Female,East-Urban,156.6,56.2,22.9,1,2,1,115.8,76.8,61.2,99.4,5.58,241.0,57.3,161.2,114.6,0.78,0
SYN-PAT-001237,59.2,Female,South-Rural,149.1,45.4,20.4,0,1,0,112.5,55.7,58.9,65.0,4.2,,64.3,79.3,127.4,0.73,0
SYN-PAT-001238,54.1,Male,East-Rural,149.4,61.8,27.7,0,1,1,149.7,93.2,67.7,127.8,5.89,228.2,30.9,166.9,181.4,1.36,1
SYN-PAT-001239,67.3,Female,North-Urban,144.0,44.8,21.6,0,0,1,147.5,80.4,,94.9,5.58,171.8,59.9,83.6,197.0,0.89,0
SYN-PAT-001240,33.0,Male,East-Rural,176.3,74.0,23.8,0,0,1,120.2,70.1,74.3,96.8,5.8,217.6,,151.5,176.0,1.04,1
SYN-PAT-001241,75.1,Male,North-Rural,165.0,67.8,24.9,0,0,1,137.5,73.4,81.5,140.7,5.72,257.9,51.0,,145.4,0.97,1
SYN-PAT-001242,58.9,Female,South-Rural,167.3,80.0,28.6,0,1,0,122.7,64.2,81.5,135.9,6.25,,47.4,122.1,171.6,0.9,1
SYN-PAT-001243,54.3,Female,South-Rural,145.0,43.9,20.9,0,2,1,121.3,63.7,68.3,73.4,5.18,191.3,51.0,100.6,196.1,1.13,0
SYN-PAT-001244,79.2,Female,North-Rural,162.5,73.7,27.9,0,2,0,160.9,95.0,71.6,,5.59,181.1,,64.5,237.2,0.94,0
SYN-PAT-001245,61.3,Male,East-Rural,177.9,70.3,22.2,0,0,0,137.0,66.3,,,5.69,159.3,,121.0,106.0,,0
SYN-PAT-001246,34.6,Male,West-Rural,160.7,56.3,21.8,0,1,0,114.0,61.0,75.2,65.0,4.37,179.9,34.9,,145.2,0.77,0
SYN-PAT-001247,34.8,Male,North-Rural,153.4,34.1,14.5,0,0,0,116.5,61.6,74.0,,4.96,203.7,47.1,130.1,117.8,0.8,0
SYN-PAT-001248,40.7,Male,West-Rural,185.7,110.7,32.1,0,0,0,130.2,66.2,73.8,103.2,5.02,,44.4,95.6,192.9,1.02,0
SYN-PAT-001249,60.4,Female,South-Urban,149.1,60.9,27.4,0,2,0,135.2,75.0,85.4,106.4,5.22,256.9,59.9,166.3,,1.14,0
SYN-PAT-001250,55.4,Male,North-Rural,169.4,63.4,22.1,1,1,0,141.0,82.7,64.1,77.5,4.83,168.3,48.0,94.6,94.1,1.07,0
SYN-PAT-001251,40.7,Male,West-Rural,158.5,50.0,19.9,0,1,0,119.5,64.6,80.6,92.7,4.59,179.7,36.2,137.2,90.9,1.11,0
SYN-PAT-001252,48.2,Male,East-Rural,175.2,69.7,22.7,0,0,0,130.1,62.0,60.4,107.0,5.13,188.0,,105.6,171.8,1.27,0
SYN-PAT-001253,37.1,Male,West-Rural,167.2,74.6,26.7,0,0,1,119.0,73.3,79.8,,5.64,176.2,,130.1,142.3,0.84,0
SYN-PAT-001254,22.0,Male,North-Rural,167.2,44.2,15.8,0,1,0,96.4,62.4,,65.0,5.22,100.0,,45.8,45.0,0.59,0
SYN-PAT-001255,47.9,Female,North-Urban,148.7,53.1,24.0,0,0,0,114.1,76.7,,85.6,4.2,165.5,44.7,114.7,67.1,0.79,0
SYN-PAT-001256,63.2,Female,East-Urban,162.5,85.0,32.2,0,0,0,128.1,71.3,75.5,114.2,6.41,208.2,40.4,128.2,200.1,1.19,0
SYN-PAT-001257,46.2,Female,North-Rural,151.2,46.2,20.2,0,0,0,97.3,62.4,77.4,88.7,4.72,174.5,64.1,67.1,160.4,0.67,0
SYN-PAT-001258,51.4,Female,East-Urban,158.3,62.9,25.1,0,1,0,112.6,68.1,71.7,112.6,5.82,204.2,63.0,109.8,86.3,1.05,0
SYN-PAT-001259,36.9,Male,North-Rural,173.0,96.7,32.3,0,2,0,110.4,71.5,71.5,91.2,5.59,206.8,38.8,121.0,,0.92,0
SYN-PAT-001260,34.9,Female,East-Rural,162.3,69.0,26.2,0,2,0,109.3,65.9,68.0,69.2,5.24,170.3,50.7,,124.6,1.1,0
SYN-PAT-001261,53.6,Male,South-Urban,170.0,73.4,25.4,0,2,0,143.8,72.0,57.3,104.0,4.89,161.3,38.3,83.0,102.7,1.52,0
SYN-PAT-001262,47.2,Female,South-Urban,167.9,74.7,26.5,0,2,0,120.5,57.5,87.0,87.8,4.81,228.7,56.0,152.0,120.0,1.05,0
SYN-PAT-001263,54.5,Female,East-Urban,151.2,53.5,23.4,0,2,1,126.7,67.6,61.8,121.4,5.51,148.5,49.6,83.5,89.4,0.62,0
SYN-PAT-001264,53.3,Male,West-Urban,169.3,85.4,29.8,0,1,0,131.9,80.2,74.4,103.3,5.11,176.6,47.3,86.1,131.8,,0
SYN-PAT-001265,42.3,Male,West-Urban,142.7,46.2,22.7,1,1,1,141.6,81.2,63.4,113.3,5.95,153.8,51.8,83.9,50.5,1.07,0
SYN-PAT-001266,41.3,Male,East-Rural,164.6,45.2,16.7,0,0,1,104.0,61.3,51.1,75.1,4.47,190.7,45.7,115.4,108.3,1.14,0
SYN-PAT-001267,41.5,Female,West-Rural,153.1,53.2,22.7,0,2,0,113.4,78.4,58.1,91.8,4.2,,43.9,140.0,,0.91,0
SYN-PAT-001268,52.9,Female,East-Rural,156.0,51.6,21.2,0,0,1,119.8,69.4,59.2,91.2,4.61,177.9,39.5,,76.7,0.76,0
SYN-PAT-001269,54.3,Female,West-Urban,152.2,55.4,23.9,0,0,1,137.8,64.4,81.5,85.9,4.2,,54.9,,142.7,0.67,0
SYN-PAT-001270,45.6,Female,East-Rural,170.9,68.6,23.5,0,2,1,135.1,61.3,61.0,88.4,4.77,192.7,47.5,121.6,100.1,1.06,0
SYN-PAT-001271,46.7,Female,North-Urban,149.5,65.0,29.1,0,0,0,130.1,83.4,69.2,89.8,5.29,238.7,45.5,149.2,178.5,1.22,0
SYN-PAT-001272,72.5,Male,South-Rural,172.1,85.0,28.7,1,2,0,159.0,77.7,58.4,131.8,5.53,154.8,46.8,77.9,72.8,1.12,1
SYN-PAT-001273,55.3,Male,West-Urban,174.2,78.9,26.0,0,1,0,128.6,63.9,70.5,88.7,4.74,210.9,39.2,132.2,178.5,,0
SYN-PAT-001274,53.3,Male,West-Urban,155.1,59.9,24.9,0,0,0,122.4,54.4,66.4,73.9,4.48,198.0,58.3,117.2,67.6,1.54,0
SYN-PAT-001275,56.9,Male,North-Rural,166.8,58.7,21.1,0,1,1,137.3,70.5,77.0,,5.29,174.8,37.8,111.2,,1.08,0
SYN-PAT-001276,37.4,Female,East-Rural,150.0,35.3,15.7,0,2,1,113.7,69.7,66.7,91.0,,175.2,60.3,99.8,75.7,0.77,0
SYN-PAT-001277,46.6,Male,East-Rural,165.9,68.5,24.9,0,0,0,111.9,63.8,67.6,85.3,5.2,203.8,41.3,133.0,123.5,1.12,0
SYN-PAT-001278,64.5,Female,East-Rural,143.4,58.8,28.6,0,1,1,145.7,69.6,77.6,115.2,6.5,,54.1,137.1,99.0,0.95,0
SYN-PAT-001279,22.7,Male,South-Urban,165.4,62.1,22.7,1,2,1,109.2,63.6,,111.3,5.38,225.3,52.7,129.1,183.0,,0
SYN-PAT-001280,43.0,Female,East-Rural,145.4,46.9,22.2,0,0,0,112.5,77.6,72.0,101.2,,181.1,60.3,100.9,74.1,0.76,0
SYN-PAT-001281,62.5,Female,West-Urban,163.7,72.9,27.2,0,0,0,142.2,65.9,60.6,114.0,4.73,196.9,50.4,139.5,107.0,0.98,0
SYN-PAT-001282,62.8,Male,North-Rural,181.3,82.8,25.2,0,0,0,128.8,68.0,71.9,79.7,4.56,,40.7,107.8,,0.87,0
SYN-PAT-001283,35.0,Male,West-Rural,171.6,88.9,30.2,0,0,1,123.5,82.2,76.5,160.3,6.29,197.4,41.9,,157.7,0.94,0
SYN-PAT-001284,35.3,Male,West-Rural,167.7,80.2,28.5,1,0,1,131.5,78.1,84.7,125.2,5.23,179.1,42.3,129.5,87.0,0.82,0
SYN-PAT-001285,55.1,Male,East-Rural,174.8,87.7,28.7,0,1,0,119.3,73.1,,111.8,5.18,193.5,36.8,135.8,150.6,1.14,0
SYN-PAT-001286,47.7,Female,North-Rural,164.5,74.1,27.4,0,0,0,128.1,68.4,92.5,76.8,4.65,187.3,44.0,,136.6,0.59,0
SYN-PAT-001287,58.0,Female,North-Urban,151.0,46.3,20.3,0,2,1,139.3,73.9,70.1,121.7,5.27,181.2,73.7,100.6,64.0,1.13,0
SYN-PAT-001288,36.6,Female,West-Rural,155.7,64.0,26.4,0,0,1,105.0,63.9,59.9,95.0,6.22,161.3,41.4,101.4,103.0,0.63,0
SYN-PAT-001289,40.7,Male,West-Urban,178.2,81.3,25.6,0,1,0,123.5,65.3,62.5,89.2,5.15,191.8,38.9,120.1,134.7,1.33,0
SYN-PAT-001290,24.4,Male,South-Rural,167.7,71.7,25.5,0,1,0,99.1,58.3,81.7,65.0,5.34,161.4,46.7,71.3,175.7,1.13,0
SYN-PAT-001291,51.3,Female,South-Urban,175.1,81.6,26.6,0,2,1,137.0,80.9,77.5,,5.58,205.3,54.9,131.4,139.2,1.02,0
SYN-PAT-001292,27.5,Male,North-Rural,163.6,67.2,25.1,1,1,0,128.6,72.3,69.7,,4.74,174.0,35.7,113.4,119.1,0.68,0
SYN-PAT-001293,68.8,Male,West-Rural,171.7,106.4,36.1,0,0,0,138.2,80.5,76.5,135.7,6.03,200.1,54.6,101.2,,,0
SYN-PAT-001294,61.8,Female,West-Rural,163.2,66.9,25.1,0,2,1,155.8,79.8,56.6,,5.43,237.0,59.4,117.2,197.3,,0
SYN-PAT-001295,68.7,Male,East-Urban,175.5,90.6,29.4,0,0,0,150.0,82.0,84.8,120.5,5.53,200.0,43.8,,206.8,1.06,1
SYN-PAT-001296,30.5,Male,North-Urban,167.4,60.8,21.7,0,0,1,117.7,67.4,63.3,94.3,4.53,186.2,34.5,111.9,149.9,1.23,0
SYN-PAT-001297,32.5,Male,South-Rural,173.1,80.0,26.7,0,0,0,122.3,68.2,80.1,83.5,4.63,,42.0,80.2,137.1,0.94,0
SYN-PAT-001298,33.1,Female,South-Rural,145.2,57.6,27.3,0,1,0,127.2,67.0,81.6,97.0,5.27,120.5,57.2,,67.4,0.69,0
SYN-PAT-001299,27.1,Female,South-Rural,151.4,56.6,24.7,0,0,0,97.9,55.2,72.8,100.8,5.29,154.3,42.6,66.0,168.1,,0
SYN-PAT-001300,84.0,Female,West-Urban,158.4,83.0,33.1,0,1,0,150.6,71.5,79.7,119.8,5.76,157.4,44.5,79.4,193.9,1.02,0
SYN-PAT-001301,28.1,Female,North-Rural,157.9,49.9,20.0,0,1,0,111.0,64.6,84.0,,,158.5,47.0,,97.1,0.85,0
SYN-PAT-001302,54.2,Male,North-Urban,167.0,64.4,23.1,0,2,1,118.6,57.9,68.3,102.9,5.55,227.0,39.3,177.1,158.5,0.78,0
SYN-PAT-001303,49.0,Female,East-Rural,154.2,60.4,25.4,0,0,0,128.1,62.3,71.1,78.1,4.58,,44.5,80.7,151.3,0.91,0
SYN-PAT-001304,81.8,Male,East-Urban,165.1,81.8,30.0,1,0,1,165.2,90.1,73.2,126.6,6.36,153.1,49.0,76.8,136.1,1.38,0
SYN-PAT-001305,65.6,Male,North-Urban,161.1,68.3,26.3,0,0,0,127.3,74.5,66.5,105.4,4.43,239.1,48.7,157.6,144.2,0.83,0
SYN-PAT-001306,65.7,Female,North-Urban,164.3,82.3,30.5,0,0,0,135.4,72.4,67.4,107.6,,188.9,35.7,135.1,89.6,0.73,0
SYN-PAT-001307,57.4,Female,West-Rural,160.8,58.4,22.6,0,1,0,114.9,86.0,72.7,118.5,5.68,186.9,64.6,106.4,144.4,0.9,0
SYN-PAT-001308,75.2,Male,North-Urban,155.5,53.0,21.9,0,1,1,112.5,55.9,67.3,128.1,5.34,220.1,45.9,118.4,208.9,1.42,0
SYN-PAT-001309,33.2,Male,North-Rural,174.5,75.8,24.9,0,1,0,122.7,78.7,72.3,65.0,4.27,189.0,54.3,130.7,52.5,1.19,0
SYN-PAT-001310,82.8,Female,East-Urban,177.3,83.0,26.4,0,2,0,141.6,75.1,54.2,138.2,6.12,229.4,51.8,140.2,177.2,0.98,0
SYN-PAT-001311,28.1,Male,North-Rural,188.4,90.2,25.4,1,2,1,117.6,76.3,65.8,65.0,4.85,196.9,55.8,124.1,,1.19,0
SYN-PAT-001312,70.1,Female,East-Urban,146.5,55.4,25.8,1,0,0,128.6,73.7,,143.4,,150.5,59.6,65.2,194.2,0.94,0
SYN-PAT-001313,55.2,Female,East-Urban,151.2,54.2,23.7,0,2,0,122.2,56.9,56.7,90.8,5.21,147.6,57.4,64.0,110.8,0.85,0
SYN-PAT-001314,76.2,Male,West-Rural,168.1,73.5,26.0,0,0,0,151.1,78.7,72.9,104.0,5.02,236.4,,169.1,,1.26,1
SYN-PAT-001315,58.1,Female,North-Rural,144.6,52.9,25.3,0,1,0,127.4,75.0,,98.1,5.6,169.1,50.0,103.2,124.3,1.09,0
SYN-PAT-001316,55.6,Male,East-Urban,163.6,64.0,23.9,1,1,0,131.2,56.5,,103.3,4.35,,32.8,107.3,193.0,,0
SYN-PAT-001317,57.6,Female,North-Urban,157.5,60.5,24.4,0,2,1,128.9,87.2,73.2,109.9,6.42,154.3,63.9,50.8,74.2,0.86,0
SYN-PAT-001318,50.3,Female,North-Rural,165.0,63.2,23.2,0,1,0,106.5,69.6,66.4,91.0,4.52,172.1,62.0,101.9,,0.63,0
SYN-PAT-001319,32.3,Female,East-Urban,163.5,71.9,26.9,0,1,0,122.1,76.9,85.5,114.6,6.09,166.4,53.9,106.3,113.5,0.86,0
SYN-PAT-001320,42.1,Male,West-Urban,169.4,71.7,25.0,0,2,0,103.3,58.4,70.2,102.6,5.15,154.0,52.3,85.4,94.3,1.15,0
SYN-PAT-001321,19.2,Male,South-Rural,158.1,78.5,31.4,1,1,1,105.9,74.8,75.6,86.3,,143.6,,70.0,133.1,1.05,0
SYN-PAT-001322,32.7,Male,North-Rural,168.3,68.8,24.3,0,1,0,100.0,74.4,60.2,101.1,5.26,182.2,55.4,102.5,185.2,0.68,0
SYN-PAT-001323,57.2,Female,West-Rural,159.6,58.6,23.0,0,0,0,122.9,72.7,68.7,105.3,,165.1,44.5,104.6,,0.85,0
SYN-PAT-001324,29.8,Female,West-Urban,156.7,82.5,33.6,0,0,0,114.7,72.1,68.4,88.9,4.34,,45.2,99.9,143.4,0.99,0
SYN-PAT-001325,72.4,Male,West-Urban,166.4,76.4,27.6,1,2,1,143.2,70.0,58.1,134.2,6.17,141.9,55.5,53.2,166.5,1.25,0
SYN-PAT-001326,32.0,Female,South-Urban,150.0,61.6,27.4,0,1,0,104.0,66.4,75.7,,4.93,230.8,51.1,155.2,119.9,0.76,0
SYN-PAT-001327,40.6,Male,North-Rural,165.3,72.1,26.4,0,1,0,130.8,69.8,77.2,89.7,5.2,207.3,41.6,144.7,,1.03,0
SYN-PAT-001328,66.6,Female,West-Urban,141.9,56.6,28.1,0,0,1,144.5,81.4,76.7,113.8,5.46,186.1,53.0,107.5,136.8,1.11,0
SYN-PAT-001329,66.9,Male,North-Rural,177.7,87.5,27.7,0,0,0,132.2,67.9,66.1,65.0,4.21,,46.5,,,1.21,0
SYN-PAT-001330,71.1,Female,North-Rural,149.8,48.9,21.8,0,0,0,125.8,75.4,74.5,90.4,4.39,195.6,55.4,96.0,176.1,0.89,0
SYN-PAT-001331,46.6,Male,East-Urban,169.6,74.5,25.9,0,1,0,114.6,63.6,53.5,108.2,5.61,183.8,66.3,91.9,159.0,1.18,0
SYN-PAT-001332,61.2,Female,North-Rural,153.9,48.1,20.3,0,0,1,121.1,67.7,82.6,105.6,5.47,151.3,,81.2,72.2,0.72,0
SYN-PAT-001333,18.0,Female,South-Urban,163.4,59.0,22.1,0,0,0,85.8,67.0,60.7,65.0,4.68,100.0,48.2,,91.6,0.89,0
SYN-PAT-001334,61.5,Female,East-Rural,144.8,47.4,22.6,0,1,0,115.5,63.8,59.4,114.4,,175.3,,116.8,123.1,0.77,0
SYN-PAT-001335,56.2,Female,North-Rural,151.6,60.7,26.4,0,1,1,137.6,80.0,70.8,106.5,5.71,,55.6,40.0,232.6,1.04,0
SYN-PAT-001336,73.7,Female,South-Rural,155.6,66.3,27.4,0,0,0,141.4,80.4,74.8,86.2,5.52,208.5,,,179.6,1.01,0
SYN-PAT-001337,34.5,Male,South-Urban,161.6,66.9,25.6,0,1,0,134.3,72.1,69.0,129.9,4.89,181.0,36.4,122.3,85.6,0.92,0
SYN-PAT-001338,63.0,Male,East-Rural,173.1,79.7,26.6,1,2,1,133.6,83.0,57.5,95.9,4.2,168.5,32.1,106.8,123.9,1.39,0
SYN-PAT-001339,39.3,Male,East-Urban,165.7,59.9,21.8,0,1,0,109.8,68.2,78.3,103.0,5.92,159.6,50.9,83.1,108.2,1.11,0
SYN-PAT-001340,18.8,Male,North-Rural,172.7,65.0,21.8,1,2,0,103.9,74.6,51.4,,4.2,210.6,46.6,142.9,122.9,0.85,0
SYN-PAT-001341,44.9,Male,East-Rural,147.5,60.7,27.9,0,2,0,118.5,84.8,54.6,,4.68,207.3,,,166.0,1.34,0
SYN-PAT-001342,54.6,Female,South-Rural,157.5,71.9,29.0,0,0,0,120.7,70.3,72.6,86.4,4.79,180.5,40.5,99.9,,1.08,0
SYN-PAT-001343,62.3,Female,South-Urban,158.1,52.7,21.1,0,0,1,129.4,76.5,60.8,85.1,4.2,252.9,53.4,165.3,131.7,0.82,0
SYN-PAT-001344,55.9,Female,South-Urban,158.5,48.2,19.2,0,1,0,121.4,64.6,78.4,99.8,4.87,,43.2,85.6,124.4,0.51,0
SYN-PAT-001345,37.4,Male,East-Urban,163.9,57.0,21.2,0,1,0,106.4,58.9,58.5,92.9,4.5,149.9,56.2,70.0,115.5,0.98,0
SYN-PAT-001346,43.7,Female,East-Urban,154.5,67.6,28.3,0,0,1,137.1,74.1,86.6,130.0,,182.2,47.3,118.3,70.9,1.13,0
SYN-PAT-001347,35.4,Female,East-Urban,152.9,66.4,28.4,0,0,0,140.3,66.1,82.1,93.6,5.18,137.1,49.0,52.3,136.9,0.96,0
SYN-PAT-001348,40.6,Male,East-Rural,157.7,51.2,20.6,1,1,0,133.8,65.5,78.9,126.1,5.43,224.1,56.5,132.1,97.5,1.31,0
SYN-PAT-001349,75.6,Female,North-Rural,162.5,72.4,27.4,0,0,0,145.5,81.6,89.1,113.8,5.26,,51.6,154.8,99.4,0.95,0
SYN-PAT-001350,34.2,Male,North-Urban,178.2,97.5,30.7,0,2,0,128.0,70.4,68.6,106.9,5.47,159.9,47.4,60.3,246.5,0.97,0
SYN-PAT-001351,71.4,Male,West-Urban,170.1,79.9,27.6,0,0,0,159.0,85.5,64.5,83.1,,,41.6,164.7,179.1,1.22,0
SYN-PAT-001352,51.9,Female,South-Urban,160.0,77.3,30.2,0,2,0,137.3,78.4,66.9,92.1,5.77,197.0,59.7,113.4,158.2,0.97,0
SYN-PAT-001353,63.1,Female,North-Urban,153.7,69.2,29.3,0,0,0,126.5,87.4,68.8,115.8,5.41,190.5,35.9,143.2,148.5,1.1,1
SYN-PAT-001354,66.2,Female,West-Rural,155.2,53.5,22.2,0,0,1,133.9,77.0,,108.9,6.09,158.7,50.6,82.6,177.4,,0
SYN-PAT-001355,50.5,Male,South-Urban,182.0,79.5,24.0,0,0,1,129.6,81.0,73.5,109.9,5.71,144.3,37.0,90.8,90.4,1.4,0
SYN-PAT-001356,65.1,Female,West-Urban,153.8,60.8,25.7,0,2,0,119.7,74.0,64.0,87.9,4.34,257.3,46.3,176.5,142.5,1.25,0
SYN-PAT-001357,61.1,Male,East-Urban,162.6,68.2,25.8,0,0,0,126.1,74.7,66.3,103.3,4.64,155.7,27.1,96.3,112.7,1.24,0
SYN-PAT-001358,46.9,Male,West-Urban,173.9,84.7,28.0,1,1,0,142.7,85.4,68.2,100.4,4.92,234.5,36.9,173.2,177.8,1.02,0
SYN-PAT-001359,33.2,Female,North-Rural,155.9,61.2,25.2,0,2,0,91.7,69.6,71.2,67.9,5.14,151.1,54.9,80.1,94.0,0.78,0
SYN-PAT-001360,70.6,Female,North-Rural,145.6,31.4,14.8,0,1,1,110.4,67.2,75.1,114.1,5.03,208.7,53.2,,175.8,1.08,0
SYN-PAT-001361,62.5,Male,South-Urban,182.2,68.1,20.5,1,0,0,129.6,73.1,57.8,65.0,4.2,201.2,51.2,131.2,134.8,1.16,0
SYN-PAT-001362,44.8,Female,East-Rural,153.4,37.9,16.1,0,2,0,116.5,71.4,,85.3,4.6,190.0,65.2,99.4,145.0,,0
SYN-PAT-001363,42.0,Male,West-Rural,171.2,73.0,24.9,1,2,0,107.9,63.1,65.3,124.1,4.72,200.6,52.1,113.4,151.7,0.9,0
SYN-PAT-001364,58.3,Female,West-Urban,155.1,62.8,26.1,0,0,0,126.7,67.3,62.7,112.6,4.92,147.0,49.2,68.8,195.8,1.09,0
SYN-PAT-001365,67.7,Male,East-Urban,184.0,90.7,26.8,0,1,0,147.8,88.1,68.9,117.2,5.24,180.1,47.6,106.2,121.5,1.15,0
SYN-PAT-001366,44.0,Male,North-Rural,165.5,56.7,20.7,1,2,1,122.6,84.1,66.7,83.5,4.8,138.0,52.5,53.8,,1.03,0
SYN-PAT-001367,70.9,Male,West-Rural,165.7,78.3,28.5,0,2,1,148.4,71.1,71.8,152.4,6.69,208.5,43.0,154.7,89.9,1.2,1
SYN-PAT-001368,67.7,Female,West-Rural,148.8,63.1,28.5,0,0,0,128.3,68.7,,132.0,,164.1,43.7,86.3,167.4,0.82,0
SYN-PAT-001369,31.5,Female,North-Rural,152.4,43.7,18.8,0,2,0,97.5,72.6,57.5,65.0,4.2,110.5,47.8,40.0,,0.71,0
SYN-PAT-001370,44.7,Male,South-Rural,162.5,49.6,18.8,0,0,0,124.7,74.0,88.1,76.9,4.41,167.9,58.6,107.5,61.0,,0
SYN-PAT-001371,71.5,Female,West-Urban,162.7,68.8,26.0,0,0,1,139.8,80.5,79.8,,5.98,138.7,46.6,79.8,124.1,0.9,0
SYN-PAT-001372,37.4,Female,West-Rural,156.7,75.6,30.8,0,0,1,106.5,76.3,78.6,142.4,5.95,191.4,,108.5,120.9,0.6,0
SYN-PAT-001373,51.7,Male,North-Rural,162.1,82.2,31.3,0,0,0,119.4,70.8,82.6,81.7,4.74,158.9,32.4,85.6,152.3,1.04,0
SYN-PAT-001374,50.5,Female,South-Rural,157.6,66.8,26.9,0,1,1,143.4,79.0,72.1,92.2,,164.5,52.2,107.5,,1.04,0
SYN-PAT-001375,37.0,Female,North-Rural,166.1,58.2,21.1,0,1,0,101.1,67.4,79.5,82.7,4.21,108.4,61.3,40.0,123.6,0.98,0
SYN-PAT-001376,59.0,Female,North-Rural,161.0,74.1,28.6,0,0,0,141.9,70.3,73.9,,4.3,241.8,46.1,170.9,124.0,0.72,0
SYN-PAT-001377,41.8,Male,West-Rural,176.8,70.3,22.5,1,0,1,116.3,71.6,71.9,101.4,4.2,136.1,52.9,57.3,108.0,1.29,0
SYN-PAT-001378,54.4,Male,East-Rural,181.8,72.7,22.0,0,0,0,122.5,79.7,77.1,114.8,5.67,174.5,53.5,85.8,124.6,1.13,0
SYN-PAT-001379,45.8,Female,East-Rural,164.4,44.1,16.3,0,2,1,116.5,64.9,,68.7,4.2,122.1,51.5,44.4,121.5,0.65,0
SYN-PAT-001380,31.9,Female,East-Urban,162.0,63.0,24.0,0,2,0,86.7,64.3,79.1,89.3,5.21,149.0,52.5,74.2,160.0,0.65,0
SYN-PAT-001381,30.0,Female,West-Urban,158.7,53.1,21.1,0,0,0,90.8,64.8,76.6,72.1,4.78,216.8,40.7,145.8,150.5,0.45,0
SYN-PAT-001382,46.6,Male,North-Rural,164.5,67.4,24.9,0,2,0,121.8,69.0,70.9,123.6,5.36,191.4,55.6,112.2,148.6,0.74,0
SYN-PAT-001383,75.0,Female,West-Urban,148.0,38.3,17.5,0,0,0,121.4,73.9,,85.6,5.18,172.4,55.5,102.8,158.7,1.32,0
SYN-PAT-001384,51.3,Male,East-Urban,164.6,68.8,25.4,0,1,0,135.7,69.3,78.0,124.0,5.95,185.8,42.4,106.2,156.9,0.96,0
SYN-PAT-001385,56.0,Female,East-Urban,156.0,38.5,15.8,0,2,0,98.9,73.4,75.2,75.3,4.36,162.6,57.4,86.7,107.4,0.96,0
SYN-PAT-001386,35.9,Male,East-Urban,168.3,79.3,28.0,0,0,0,124.3,77.3,71.2,107.7,5.14,177.2,34.0,117.9,176.5,0.97,0
SYN-PAT-001387,66.8,Female,East-Urban,151.5,63.6,27.7,0,1,0,117.7,64.1,81.4,110.4,5.87,220.4,63.1,123.1,124.2,0.96,0
SYN-PAT-001388,34.5,Male,South-Urban,151.7,52.2,22.7,1,0,1,114.0,81.5,74.8,95.9,5.12,163.3,48.5,107.6,,1.03,0
SYN-PAT-001389,64.6,Female,West-Rural,142.9,56.6,27.7,0,0,0,120.3,72.9,78.7,90.7,,204.3,50.7,148.9,117.1,0.58,0
SYN-PAT-001390,53.7,Female,West-Rural,151.5,48.7,21.2,0,1,0,144.3,69.6,80.3,98.0,4.2,,57.7,90.2,192.9,1.18,0
SYN-PAT-001391,43.8,Male,South-Urban,166.1,67.9,24.6,0,2,0,102.9,75.2,72.8,84.7,4.86,171.8,58.6,99.3,123.1,0.97,0
SYN-PAT-001392,36.3,Male,North-Rural,159.5,68.4,26.9,0,1,0,115.3,74.0,77.8,80.2,4.2,,35.1,92.2,147.5,0.88,0
SYN-PAT-001393,40.9,Female,South-Urban,164.7,39.3,14.5,1,2,0,94.0,50.0,60.6,104.8,5.06,,48.1,103.4,93.4,0.87,0
SYN-PAT-001394,67.4,Male,North-Rural,159.5,61.1,24.0,0,2,0,150.6,73.3,79.0,111.1,,215.1,51.6,,176.3,1.07,0
SYN-PAT-001395,38.8,Male,East-Rural,167.1,66.7,23.9,0,0,0,120.4,72.7,78.1,101.3,5.92,198.7,43.1,129.7,132.5,1.03,0
SYN-PAT-001396,75.2,Male,West-Rural,160.0,65.3,25.5,0,0,0,138.6,58.8,73.7,99.3,4.7,170.5,37.1,86.6,160.3,1.18,0
SYN-PAT-001397,51.8,Female,North-Urban,159.2,76.8,30.3,0,1,0,145.9,78.7,80.2,99.9,4.97,185.6,53.8,88.1,183.7,1.07,0
SYN-PAT-001398,23.3,Male,South-Rural,158.2,47.1,18.8,0,1,1,104.5,66.7,89.9,84.4,4.68,139.5,44.3,71.5,83.3,0.85,1
SYN-PAT-001399,58.6,Female,West-Rural,159.4,58.2,22.9,0,0,0,128.3,63.1,62.0,102.4,4.71,210.9,39.9,136.7,158.2,0.75,0
SYN-PAT-001400,69.8,Female,South-Urban,156.9,45.8,18.6,0,2,1,129.7,73.0,58.1,118.8,5.85,177.4,72.8,66.3,132.2,1.06,0
SYN-PAT-001401,42.2,Male,South-Urban,174.8,91.7,30.0,0,1,0,129.4,74.4,93.6,98.4,5.14,248.0,41.7,176.6,144.8,0.98,0
SYN-PAT-001402,51.7,Female,East-Rural,157.6,59.4,23.9,0,0,0,116.8,60.8,75.9,80.6,4.78,191.3,55.4,119.4,105.5,0.55,0
SYN-PAT-001403,29.5,Female,South-Urban,154.1,51.8,21.8,0,1,0,106.1,73.7,70.3,,5.3,201.3,62.0,102.5,107.2,0.79,0
SYN-PAT-001404,40.7,Male,North-Rural,162.0,62.7,23.9,0,0,1,126.4,78.2,71.2,103.1,5.14,149.6,41.5,80.1,,0.92,0
SYN-PAT-001405,53.8,Male,North-Rural,170.9,79.7,27.3,0,1,0,130.1,71.5,80.3,74.2,4.28,191.0,43.2,133.5,198.5,1.15,0
SYN-PAT-001406,67.7,Female,North-Urban,149.6,60.7,27.1,0,2,0,132.8,72.8,89.2,67.0,4.47,216.7,65.9,135.9,90.9,0.84,0
SYN-PAT-001407,85.0,Female,North-Urban,163.9,99.1,36.9,0,2,0,135.3,83.2,63.8,130.4,5.53,193.5,47.4,79.9,,0.87,1
SYN-PAT-001408,68.8,Male,West-Rural,180.0,89.4,27.6,0,0,0,153.2,77.4,72.3,91.6,5.05,201.3,46.7,122.5,90.7,,0
SYN-PAT-001409,52.5,Female,North-Urban,158.7,58.2,23.1,0,1,1,114.5,54.5,66.0,113.9,5.83,214.2,64.4,119.9,160.8,1.03,0
SYN-PAT-001410,69.9,Male,North-Rural,174.9,72.8,23.8,0,1,1,144.5,79.5,,100.0,4.58,187.7,44.4,120.5,119.0,1.2,0
SYN-PAT-001411,33.2,Male,West-Urban,169.0,63.4,22.2,0,0,1,113.2,62.4,82.2,99.6,4.39,147.3,44.2,68.4,144.1,1.03,0
SYN-PAT-001412,28.5,Female,East-Urban,163.3,47.2,17.7,0,0,0,89.1,58.9,84.5,70.7,4.46,213.1,59.8,155.5,98.9,0.86,0
SYN-PAT-001413,49.0,Male,East-Urban,162.0,65.1,24.8,0,1,1,137.0,85.4,76.0,138.5,5.55,151.7,33.2,128.7,80.1,1.08,0
SYN-PAT-001414,35.7,Male,North-Urban,164.6,72.6,26.8,1,1,0,125.4,71.5,91.4,109.3,5.36,182.6,49.0,92.5,192.3,0.77,0
SYN-PAT-001415,45.7,Female,North-Urban,149.6,49.5,22.1,0,0,0,133.9,73.0,66.9,114.4,5.52,,46.5,89.0,162.7,0.94,0
SYN-PAT-001416,67.4,Male,North-Rural,170.6,66.1,22.7,1,0,1,134.1,77.0,64.8,112.0,4.37,167.7,52.9,90.0,170.2,1.35,1
SYN-PAT-001417,21.6,Male,East-Rural,171.8,85.0,28.8,1,0,0,124.8,76.8,85.9,104.0,5.58,192.3,41.4,140.9,,,0
SYN-PAT-001418,40.4,Male,West-Rural,176.3,58.1,18.7,1,0,0,96.9,56.9,72.0,85.2,4.21,165.8,42.6,,150.3,0.97,0
SYN-PAT-001419,72.8,Male,South-Urban,157.3,45.0,18.2,1,1,0,129.5,70.4,56.1,122.3,5.46,,,173.7,86.9,1.28,0
SYN-PAT-001420,67.6,Female,West-Rural,163.2,57.0,21.4,0,0,0,114.0,68.7,68.9,96.7,,,49.6,68.7,52.0,0.92,0
SYN-PAT-001421,25.7,Female,South-Rural,153.8,41.2,17.4,0,0,0,98.4,65.8,72.8,65.0,4.2,174.6,56.5,,45.0,0.9,0
SYN-PAT-001422,33.1,Female,East-Urban,151.1,57.5,25.2,0,2,0,119.2,72.9,61.1,65.0,5.2,154.5,65.9,70.6,89.9,1.04,0
SYN-PAT-001423,46.2,Female,West-Urban,149.9,51.9,23.1,0,0,1,111.7,87.8,63.4,133.6,5.92,128.0,45.1,61.2,101.5,0.61,0
SYN-PAT-001424,39.0,Female,East-Urban,151.8,53.5,23.2,0,1,1,125.5,62.7,67.3,109.5,5.7,228.9,54.5,155.3,109.5,1.04,0
SYN-PAT-001425,70.6,Male,North-Rural,167.4,84.9,30.3,0,2,1,128.3,81.6,58.8,132.5,5.93,222.0,38.3,140.5,156.5,1.57,1
SYN-PAT-001426,76.0,Male,West-Rural,164.1,63.6,23.6,1,1,0,152.4,86.4,74.5,,6.01,,43.6,117.4,131.2,1.34,1
SYN-PAT-001427,42.9,Male,West-Urban,164.4,73.5,27.2,0,1,1,136.4,78.8,,77.9,4.91,218.4,48.6,157.0,53.2,1.22,0
SYN-PAT-001428,52.4,Male,North-Rural,168.2,86.6,30.6,0,0,1,140.9,72.2,74.7,109.4,5.52,200.6,50.7,107.6,167.3,0.99,0
SYN-PAT-001429,42.8,Male,South-Rural,168.8,64.1,22.5,0,0,0,112.5,80.9,76.3,85.2,,155.4,,94.6,,,0
SYN-PAT-001430,78.5,Female,West-Urban,157.4,72.3,29.2,0,1,0,116.4,54.8,69.8,,5.78,204.1,55.6,123.5,146.9,0.98,0
SYN-PAT-001431,59.2,Male,West-Rural,166.0,67.0,24.3,0,1,0,134.2,68.6,78.6,85.9,5.87,171.5,45.2,85.3,205.7,1.05,0
SYN-PAT-001432,54.4,Female,West-Urban,151.2,65.2,28.5,0,0,0,126.6,82.1,61.7,80.3,5.22,178.5,35.8,128.6,144.7,0.68,0
SYN-PAT-001433,62.2,Male,South-Rural,178.4,62.1,19.5,1,1,0,119.0,66.2,,71.5,4.2,151.5,56.0,67.8,138.4,1.08,0
SYN-PAT-001434,74.0,Male,North-Urban,169.9,57.4,19.9,0,2,0,124.9,82.3,62.4,119.3,5.36,167.7,40.8,76.3,179.9,1.33,0
SYN-PAT-001435,36.9,Female,West-Rural,148.7,49.5,22.4,0,0,0,130.5,61.0,77.9,73.6,4.74,198.8,65.3,119.0,61.3,0.6,0
SYN-PAT-001436,38.8,Male,South-Rural,172.0,61.2,20.7,0,1,0,99.2,56.6,70.3,75.6,,182.3,37.5,132.6,119.7,0.98,0
SYN-PAT-001437,27.8,Male,South-Urban,179.7,69.1,21.4,0,1,0,113.0,64.2,86.8,93.5,5.26,152.6,53.4,51.0,,0.95,0
SYN-PAT-001438,82.3,Female,South-Urban,161.1,67.0,25.8,0,2,1,143.8,79.4,,109.0,5.68,178.6,53.4,91.1,165.8,1.03,0
SYN-PAT-001439,51.6,Male,East-Urban,173.5,82.8,27.5,0,2,1,121.4,70.2,,80.8,4.2,178.1,40.5,124.3,95.1,1.15,1
SYN-PAT-001440,63.5,Female,South-Urban,154.1,57.0,24.0,0,1,0,137.0,70.6,84.5,71.2,5.12,145.8,58.6,,129.3,1.05,0
SYN-PAT-001441,75.6,Female,West-Rural,151.6,53.1,23.1,0,0,0,154.8,88.5,59.9,102.3,4.92,203.3,,130.3,,1.01,0
SYN-PAT-001442,36.1,Male,South-Urban,172.7,67.1,22.5,0,0,0,109.4,79.1,77.7,,4.74,,45.8,146.3,45.0,1.15,0
SYN-PAT-001443,48.8,Male,South-Urban,162.9,57.6,21.7,0,0,0,116.3,65.9,63.4,,4.55,246.9,43.3,193.9,74.6,1.14,0
SYN-PAT-001444,55.5,Male,West-Urban,170.2,62.3,21.5,0,1,0,130.2,59.2,51.0,101.0,5.46,153.9,47.1,44.0,219.1,1.38,0
SYN-PAT-001445,74.2,Male,North-Urban,178.0,63.4,20.0,1,1,1,148.8,59.5,65.1,81.7,4.57,220.4,45.2,131.2,167.3,1.22,0
SYN-PAT-001446,26.8,Female,East-Urban,146.9,50.9,23.6,0,2,0,107.2,69.4,73.8,65.0,4.2,148.8,61.8,57.2,181.4,,0
SYN-PAT-001447,64.9,Male,North-Rural,161.5,61.0,23.4,0,1,1,125.9,76.5,58.7,152.1,5.96,161.6,54.9,71.2,185.4,1.1,0
SYN-PAT-001448,71.2,Male,East-Urban,168.7,84.2,29.6,1,1,1,117.7,72.1,75.5,144.3,5.28,173.1,40.1,98.3,188.0,1.36,0
SYN-PAT-001449,74.3,Male,East-Urban,166.3,57.2,20.7,1,1,0,129.1,71.0,74.9,113.6,4.96,200.0,43.9,129.2,136.0,1.16,0
SYN-PAT-001450,51.0,Female,East-Urban,161.9,59.5,22.7,0,0,0,107.6,61.3,61.1,81.1,4.2,157.2,51.7,,,0.84,0
SYN-PAT-001451,36.2,Male,South-Rural,164.6,83.4,30.8,1,1,0,134.3,80.6,69.0,93.3,4.96,166.4,53.0,72.9,207.7,1.36,0
SYN-PAT-001452,52.4,Male,North-Rural,180.9,69.7,21.3,0,1,0,117.9,81.8,82.0,91.7,5.21,170.2,,70.9,167.8,0.82,0
SYN-PAT-001453,73.7,Male,South-Rural,158.3,63.1,25.2,0,2,0,132.5,57.0,72.1,129.0,5.96,180.3,45.2,99.2,168.1,1.26,0
SYN-PAT-001454,42.0,Male,North-Urban,177.4,61.7,19.6,0,0,1,113.6,67.2,68.9,104.6,5.71,151.0,54.1,61.9,112.8,0.99,0
SYN-PAT-001455,42.4,Female,North-Urban,153.5,45.0,19.1,0,2,1,103.1,58.0,68.6,106.4,5.63,105.4,56.8,40.0,139.9,0.76,0
SYN-PAT-001456,78.8,Male,East-Rural,154.5,77.1,32.3,0,1,1,163.4,71.4,,125.6,5.51,215.3,,158.3,,1.11,0
SYN-PAT-001457,47.9,Male,East-Rural,169.8,72.7,25.2,1,0,0,143.3,67.5,82.0,109.3,5.33,,39.7,112.4,161.4,0.97,0
SYN-PAT-001458,54.4,Female,West-Urban,155.4,61.6,25.5,0,0,0,145.0,79.3,82.1,103.5,5.19,166.5,32.2,116.8,117.2,,0
SYN-PAT-001459,37.2,Male,North-Urban,159.7,44.6,17.5,1,0,0,123.5,72.4,71.7,81.5,4.2,178.2,61.1,99.2,95.5,1.08,0
SYN-PAT-001460,64.1,Female,North-Urban,157.7,66.9,26.9,0,1,0,131.7,84.9,71.9,90.3,4.42,236.0,59.0,150.2,115.0,1.13,0
SYN-PAT-001461,26.4,Female,South-Rural,152.2,64.2,27.7,0,0,0,131.4,74.2,64.7,87.6,4.85,174.0,50.4,91.2,111.8,0.46,0
SYN-PAT-001462,53.4,Male,West-Urban,175.3,90.0,29.3,0,0,0,120.1,58.9,62.1,83.1,4.78,230.0,40.3,160.2,127.6,0.85,0
SYN-PAT-001463,32.7,Female,North-Urban,164.0,70.5,26.2,0,2,0,103.8,65.8,,89.5,5.17,238.3,56.3,143.4,202.2,0.86,0
SYN-PAT-001464,50.4,Female,West-Rural,158.6,51.3,20.4,1,1,1,117.8,58.5,67.6,103.4,5.34,251.0,64.9,173.6,,0.99,0
SYN-PAT-001465,67.7,Male,North-Rural,171.6,79.5,27.0,1,1,1,146.4,68.2,79.0,,4.2,166.0,39.7,92.0,177.5,0.93,0
SYN-PAT-001466,18.0,Female,South-Rural,163.0,67.2,25.3,0,0,0,96.2,70.0,80.4,79.0,4.95,131.8,61.6,61.3,77.1,0.83,0
SYN-PAT-001467,78.3,Female,North-Urban,158.4,49.2,19.6,1,1,1,137.8,74.6,69.7,90.7,4.94,184.9,48.7,90.8,151.1,1.05,0
SYN-PAT-001468,60.4,Female,South-Rural,161.0,54.7,21.1,0,0,0,105.9,70.9,81.6,103.7,5.43,191.1,,117.6,151.2,1.04,0
SYN-PAT-001469,84.4,Female,South-Rural,144.7,63.0,30.1,0,2,0,151.7,76.6,59.8,127.5,6.24,258.3,49.4,176.5,105.7,0.96,0
SYN-PAT-001470,47.9,Male,South-Urban,166.8,77.6,27.9,0,0,1,105.8,74.5,82.4,102.9,5.17,205.1,47.1,,89.3,0.76,0
SYN-PAT-001471,54.0,Male,West-Urban,174.4,58.1,19.1,0,1,0,108.7,63.4,61.3,99.4,5.59,147.2,46.7,87.9,88.2,0.99,0
SYN-PAT-001472,38.4,Male,East-Rural,173.7,81.5,27.0,0,1,1,132.6,82.5,80.5,116.2,5.08,163.1,43.5,84.3,83.2,0.97,0
SYN-PAT-001473,77.1,Male,West-Urban,172.5,79.4,26.7,1,1,0,159.2,82.5,69.8,104.5,4.82,203.9,43.6,133.3,171.6,1.21,0
SYN-PAT-001474,42.4,Female,South-Rural,150.9,61.9,27.2,0,2,1,124.9,71.0,50.1,,,141.4,51.7,69.3,151.9,0.78,0
SYN-PAT-001475,39.7,Male,West-Urban,157.6,53.9,21.7,0,0,1,117.5,70.9,77.9,86.1,,175.1,41.1,130.7,79.5,1.3,0
SYN-PAT-001476,51.2,Male,East-Urban,171.1,79.6,27.2,0,0,0,118.9,71.1,79.9,125.4,5.79,155.5,46.3,70.7,153.9,0.75,0
SYN-PAT-001477,58.7,Male,West-Rural,171.9,83.9,28.4,1,1,0,127.1,85.4,,99.4,6.07,148.9,38.8,83.8,140.3,0.96,0
SYN-PAT-001478,56.2,Male,West-Rural,150.1,53.4,23.7,1,1,0,126.7,73.7,66.0,81.2,4.91,161.4,,92.0,138.7,1.02,0
SYN-PAT-001479,42.4,Male,South-Rural,161.7,63.5,24.3,0,0,0,99.8,66.1,71.0,85.3,4.92,191.1,47.2,129.8,107.2,0.98,0
SYN-PAT-001480,69.8,Male,East-Urban,162.8,62.0,23.4,0,0,0,135.3,71.9,55.7,81.7,4.35,207.7,51.4,125.7,173.4,1.31,0
SYN-PAT-001481,72.0,Female,West-Rural,156.8,79.4,32.3,0,1,1,141.6,84.1,51.2,140.0,5.27,,,109.8,248.3,1.19,0
SYN-PAT-001482,29.2,Male,South-Urban,162.0,60.4,23.0,1,2,0,104.4,72.1,77.1,65.0,4.37,197.2,41.2,135.5,,,0
SYN-PAT-001483,63.9,Female,North-Urban,151.2,50.3,22.0,0,1,1,146.6,73.7,61.7,,6.25,215.6,49.9,135.1,202.8,1.09,1
SYN-PAT-001484,42.0,Female,South-Rural,162.6,56.8,21.5,0,2,1,122.6,61.7,81.4,83.0,4.59,181.7,69.4,97.5,66.5,0.53,0
SYN-PAT-001485,34.9,Female,South-Urban,148.2,53.4,24.3,1,1,0,128.1,65.6,81.0,103.7,5.37,176.6,60.3,88.6,99.2,0.52,0
SYN-PAT-001486,39.5,Female,West-Urban,148.6,59.4,26.9,0,0,0,112.7,68.4,86.3,94.3,5.69,184.5,38.9,105.9,,1.02,0
SYN-PAT-001487,29.3,Female,North-Rural,154.7,44.0,18.4,0,0,0,105.7,75.8,65.3,83.6,5.33,159.9,51.9,87.7,169.9,0.94,0
SYN-PAT-001488,60.2,Female,West-Urban,150.0,72.7,32.3,0,1,0,142.0,76.0,57.7,98.5,5.4,139.9,61.8,48.1,197.5,1.09,0
SYN-PAT-001489,43.5,Male,South-Urban,170.9,74.5,25.5,0,1,0,121.4,66.8,60.4,100.0,,213.6,38.8,155.7,94.7,0.87,0
SYN-PAT-001490,37.4,Male,East-Rural,172.3,76.3,25.7,0,1,0,135.6,61.2,,93.9,4.34,189.2,42.8,,115.2,0.96,0
SYN-PAT-001491,32.7,Male,East-Rural,162.2,61.3,23.3,0,1,1,109.3,79.3,48.9,,4.26,138.1,47.7,45.3,137.0,0.87,0
SYN-PAT-001492,40.0,Female,North-Urban,148.4,53.3,24.2,0,2,0,110.5,72.7,62.3,73.2,4.46,217.9,52.4,139.8,124.4,0.63,0
SYN-PAT-001493,44.4,Male,West-Urban,165.6,65.3,23.8,0,1,1,126.2,77.8,67.5,94.1,4.61,163.8,46.6,85.2,,,0
SYN-PAT-001494,19.6,Male,East-Urban,179.5,86.0,26.7,1,0,1,98.2,73.7,61.9,84.1,4.95,164.7,38.1,106.2,109.8,,0
SYN-PAT-001495,33.2,Female,North-Urban,150.1,53.4,23.7,0,0,0,123.4,69.9,63.3,109.7,6.16,201.6,30.0,158.7,,0.71,0
SYN-PAT-001496,55.8,Male,West-Rural,152.8,65.4,28.0,0,1,0,112.8,70.8,68.4,,5.9,198.9,40.6,126.7,109.1,1.3,0
SYN-PAT-001497,68.3,Male,East-Urban,171.0,70.5,24.1,1,2,1,145.7,87.3,69.3,99.7,5.22,,57.3,,195.1,1.03,0
SYN-PAT-001498,53.9,Female,East-Urban,161.5,67.0,25.7,0,0,1,117.7,71.9,65.1,101.2,5.52,178.9,54.6,108.6,128.2,0.62,0
SYN-PAT-001499,25.7,Male,East-Urban,168.3,57.2,20.2,0,2,0,111.0,71.8,67.8,70.6,4.2,211.2,51.8,140.5,105.7,1.09,0
SYN-PAT-001500,71.2,Male,East-Urban,163.2,81.5,30.6,1,2,0,156.0,86.9,69.1,106.2,6.0,184.1,37.0,98.3,217.7,1.19,0
SYN-PAT-001501,59.8,Female,East-Rural,141.8,44.4,22.1,0,1,0,127.5,76.4,69.2,76.4,,225.2,63.5,134.6,136.1,1.17,0
SYN-PAT-001502,53.0,Female,West-Urban,148.1,51.8,23.6,0,0,0,108.8,67.0,66.6,80.3,5.13,122.2,53.6,41.9,181.3,1.14,0
SYN-PAT-001503,53.6,Female,West-Rural,156.1,57.8,23.7,0,0,0,112.8,68.6,,109.1,5.52,155.4,50.8,87.7,97.6,0.83,0
SYN-PAT-001504,30.3,Female,East-Rural,157.1,54.8,22.2,0,0,0,100.7,71.5,86.2,87.4,4.5,177.6,54.0,96.3,136.2,0.98,0
SYN-PAT-001505,33.0,Female,South-Rural,149.1,58.7,26.4,0,0,0,91.8,70.8,78.2,87.9,4.82,164.8,61.8,81.1,167.2,0.58,0
SYN-PAT-001506,39.8,Male,West-Rural,172.6,68.2,22.9,1,1,0,134.8,82.2,77.5,88.8,4.36,,46.8,114.0,92.7,0.87,0
SYN-PAT-001507,54.5,Female,East-Rural,150.9,69.0,30.3,0,0,0,131.0,78.9,73.1,103.5,4.79,195.9,45.2,108.2,152.5,1.12,0
SYN-PAT-001508,51.3,Male,North-Urban,165.4,59.4,21.7,0,1,0,107.0,71.4,67.3,88.1,4.2,148.9,56.0,73.9,126.8,0.75,0
SYN-PAT-001509,52.6,Female,East-Rural,161.7,66.7,25.5,0,0,1,142.0,72.4,76.8,118.6,5.85,156.4,55.3,79.8,,0.94,0
SYN-PAT-001510,67.5,Female,West-Rural,160.9,59.0,22.8,0,0,0,122.0,66.2,56.4,107.7,5.79,200.6,45.2,109.1,169.4,1.2,1
SYN-PAT-001511,62.3,Female,West-Rural,148.5,59.5,27.0,0,1,1,134.2,80.4,,86.8,4.2,177.1,,86.9,118.8,1.21,0
SYN-PAT-001512,41.2,Male,North-Urban,163.6,64.5,24.1,0,2,0,107.2,63.4,59.5,88.5,5.71,216.1,54.2,125.6,129.5,0.9,0
SYN-PAT-001513,69.9,Female,North-Rural,152.3,58.7,25.3,0,1,0,109.7,68.5,65.7,76.8,4.67,193.3,60.0,87.2,225.2,1.14,0
SYN-PAT-001514,40.9,Female,West-Urban,154.8,68.8,28.7,1,1,0,110.5,80.2,62.9,108.2,5.48,204.1,54.8,121.6,188.9,0.61,0
SYN-PAT-001515,53.8,Female,West-Rural,150.7,50.9,22.4,0,1,1,117.2,78.6,71.7,119.6,4.82,197.1,45.5,108.6,170.7,0.77,0
SYN-PAT-001516,38.2,Male,East-Rural,170.6,76.3,26.2,1,1,0,134.0,76.5,70.5,,,162.3,42.7,99.7,127.4,1.06,0
SYN-PAT-001517,55.8,Male,North-Urban,151.7,50.9,22.1,0,2,0,127.6,69.4,77.6,92.0,5.02,130.2,52.6,40.0,227.5,1.16,0
SYN-PAT-001518,51.4,Female,East-Urban,157.6,62.6,25.2,0,0,1,125.3,71.1,93.6,70.4,5.05,219.7,48.7,135.5,186.5,0.71,0
SYN-PAT-001519,26.6,Female,West-Urban,146.8,40.5,18.8,0,2,1,85.0,67.7,54.2,107.7,5.74,135.3,55.0,54.8,107.1,1.03,0
SYN-PAT-001520,60.5,Male,West-Rural,158.9,57.6,22.8,1,0,0,147.8,76.0,73.2,109.7,5.89,,30.5,138.2,,0.82,1
SYN-PAT-001521,39.8,Male,West-Urban,166.6,66.1,23.8,1,2,1,124.8,67.3,67.4,122.7,5.27,173.1,42.0,90.0,110.8,1.02,0
SYN-PAT-001522,77.4,Female,West-Urban,160.4,85.4,33.2,0,0,0,143.3,87.5,74.4,144.0,6.04,211.6,64.0,106.9,203.0,1.1,0
SYN-PAT-001523,31.4,Male,South-Urban,170.8,70.0,24.0,1,2,0,131.2,74.3,57.0,65.0,4.2,199.0,56.9,93.4,148.8,0.66,0
SYN-PAT-001524,54.4,Male,West-Urban,168.1,88.4,31.3,1,2,0,151.4,75.3,60.3,121.5,6.06,196.0,43.3,108.7,192.3,1.37,0
SYN-PAT-001525,56.5,Female,East-Urban,163.3,69.1,25.9,0,0,0,140.9,79.3,,126.0,5.81,187.1,62.6,79.1,141.7,0.82,0
SYN-PAT-001526,43.0,Male,South-Rural,162.6,60.3,22.8,0,2,0,114.0,76.1,57.9,,,206.7,52.0,164.1,67.9,,0
SYN-PAT-001527,40.1,Male,West-Urban,163.9,80.6,30.0,0,0,0,109.5,62.4,75.1,95.1,5.61,201.8,33.7,133.0,157.8,1.04,0
SYN-PAT-001528,35.8,Male,West-Rural,171.2,74.7,25.5,1,0,0,133.2,72.4,70.5,,,156.2,53.1,68.7,161.3,0.74,0
SYN-PAT-001529,70.7,Female,North-Urban,175.7,72.5,23.5,0,0,0,116.4,67.7,73.3,117.3,6.06,164.9,51.3,90.6,112.9,0.78,0
SYN-PAT-001530,57.5,Female,East-Urban,163.7,72.1,26.9,0,2,0,151.8,81.8,58.9,65.0,4.89,169.5,47.9,80.5,149.1,1.26,0
SYN-PAT-001531,20.3,Female,East-Rural,159.6,55.5,21.8,0,1,0,104.0,71.1,70.0,112.2,,160.9,54.7,83.7,165.2,0.69,0
SYN-PAT-001532,44.2,Female,East-Rural,149.1,37.3,16.8,0,1,0,99.8,59.8,60.0,80.6,4.78,136.9,48.5,82.1,63.5,0.45,0
SYN-PAT-001533,66.5,Male,West-Rural,175.2,89.6,29.2,1,1,0,126.6,62.3,71.9,,5.62,203.7,35.9,146.1,154.6,1.09,0
SYN-PAT-001534,40.8,Male,North-Rural,155.5,68.4,28.3,0,2,1,105.1,76.3,78.7,107.1,5.6,179.8,48.0,78.4,205.9,0.97,0
SYN-PAT-001535,55.8,Male,South-Urban,163.6,85.6,32.0,0,1,0,133.5,67.5,73.5,115.9,5.39,126.4,58.2,45.1,172.5,1.15,0
SYN-PAT-001536,49.0,Male,West-Rural,161.6,68.4,26.2,0,0,0,123.1,73.9,75.5,65.0,4.66,146.8,45.5,87.1,122.1,0.69,0
SYN-PAT-001537,20.4,Female,North-Urban,147.7,48.0,22.0,0,0,0,89.0,62.1,78.7,72.9,4.57,100.0,50.6,40.0,109.2,0.66,0
SYN-PAT-001538,48.2,Male,East-Urban,160.3,71.4,27.8,0,0,1,119.8,72.8,61.3,125.8,5.49,178.0,37.2,113.2,182.7,0.89,0
SYN-PAT-001539,21.6,Male,South-Urban,186.3,90.9,26.2,0,1,0,91.7,77.3,,91.0,5.05,198.5,49.2,129.3,113.7,0.89,0
SYN-PAT-001540,48.2,Female,North-Rural,156.0,75.0,30.8,0,0,0,133.7,98.3,65.0,73.0,5.89,138.3,37.1,49.0,181.5,0.99,0
SYN-PAT-001541,40.7,Male,West-Rural,182.4,79.8,24.0,0,0,0,116.1,57.4,79.7,91.7,4.64,141.1,43.1,,,1.07,0
SYN-PAT-001542,41.8,Female,South-Rural,155.2,56.8,23.6,0,2,1,112.5,76.1,72.5,87.8,4.75,173.8,44.0,96.1,144.4,1.08,0
SYN-PAT-001543,54.7,Male,South-Urban,162.4,58.8,22.3,0,0,0,107.5,66.1,64.2,77.7,4.34,155.4,31.6,91.5,165.6,1.44,0
SYN-PAT-001544,49.5,Male,North-Rural,165.1,72.8,26.7,0,1,0,120.3,79.2,78.5,,4.31,157.2,,96.6,133.6,0.84,0
SYN-PAT-001545,85.0,Female,West-Rural,152.5,48.6,20.9,0,0,0,133.5,79.7,75.7,115.4,5.74,218.4,65.5,112.8,118.5,,0
SYN-PAT-001546,43.7,Male,West-Urban,171.3,80.1,27.3,1,0,0,131.0,84.5,89.1,116.1,5.81,170.2,42.3,90.9,,1.17,0
SYN-PAT-001547,61.0,Male,West-Rural,163.7,74.0,27.6,0,0,0,133.0,76.6,74.8,141.5,6.0,154.0,36.9,78.5,,1.11,0
SYN-PAT-001548,56.7,Female,North-Urban,147.8,59.6,27.3,0,0,1,137.8,68.7,72.2,86.7,5.36,134.1,60.2,40.0,134.6,0.46,1
SYN-PAT-001549,31.6,Female,West-Rural,156.7,59.2,24.1,0,2,0,106.0,74.4,61.9,100.9,5.49,,59.4,137.3,146.5,0.73,0
SYN-PAT-001550,61.5,Female,South-Rural,163.6,83.5,31.2,1,0,0,118.0,73.1,59.2,123.3,5.62,231.9,51.9,136.3,221.8,1.16,0
SYN-PAT-001551,68.8,Male,West-Rural,165.6,79.8,29.1,0,0,0,148.4,76.5,70.8,,4.46,189.9,36.5,126.3,161.6,0.95,0
SYN-PAT-001552,56.9,Male,East-Rural,168.9,65.0,22.8,1,1,0,119.4,66.4,66.6,79.0,,189.7,42.2,122.7,,1.12,0
SYN-PAT-001553,73.1,Male,North-Rural,166.2,65.7,23.8,0,1,0,121.1,78.2,71.4,83.7,4.86,185.3,56.9,108.8,107.1,0.82,0
SYN-PAT-001554,64.9,Male,West-Urban,168.9,63.6,22.3,0,1,0,128.1,83.8,56.7,88.6,4.87,206.1,50.8,134.2,136.6,1.3,0
SYN-PAT-001555,26.4,Male,East-Rural,177.7,80.2,25.4,0,2,0,113.7,60.6,64.6,90.3,4.73,146.6,33.7,110.1,133.1,0.96,0
SYN-PAT-001556,43.2,Female,West-Rural,141.8,41.2,20.5,0,1,0,108.8,71.7,73.3,111.5,5.63,160.4,58.2,79.0,122.7,,0
SYN-PAT-001557,44.2,Male,South-Rural,159.3,72.3,28.5,0,0,0,116.0,68.2,79.1,117.7,5.69,,53.1,129.4,,0.94,0
SYN-PAT-001558,56.9,Female,North-Rural,161.5,78.5,30.1,0,2,1,126.1,62.7,52.0,87.9,4.86,236.7,,156.9,191.9,0.66,0
SYN-PAT-001559,60.2,Female,North-Rural,145.2,46.4,22.0,0,1,0,142.8,76.0,74.8,,4.2,209.2,48.1,150.1,143.8,1.16,0
SYN-PAT-001560,69.3,Male,West-Rural,178.7,80.5,25.2,0,0,1,133.5,67.6,70.5,139.0,6.39,232.7,35.3,149.7,266.3,,0
SYN-PAT-001561,35.3,Female,South-Rural,152.7,55.7,23.9,0,0,0,102.1,54.7,,75.1,4.89,165.8,47.9,82.4,135.5,0.86,0
SYN-PAT-001562,27.1,Male,North-Urban,168.8,76.1,26.7,0,0,0,100.1,61.1,52.8,87.6,5.02,155.1,32.2,116.9,45.0,0.72,0
SYN-PAT-001563,54.5,Male,West-Urban,158.4,78.0,31.1,0,0,0,127.3,66.5,86.7,74.6,4.2,141.4,,86.5,115.6,1.48,0
SYN-PAT-001564,40.3,Female,North-Rural,156.3,43.2,17.7,1,0,0,120.0,63.8,72.2,103.0,5.06,172.4,,96.5,135.7,1.11,0
SYN-PAT-001565,82.0,Female,West-Urban,168.7,72.3,25.4,0,0,0,146.4,66.8,59.6,74.5,4.52,217.3,56.5,123.8,141.3,1.47,0
SYN-PAT-001566,49.5,Male,South-Rural,170.5,68.9,23.7,0,2,1,122.8,68.1,69.4,76.1,4.35,175.1,49.8,,113.1,,0
SYN-PAT-001567,38.6,Male,South-Urban,165.2,51.0,18.7,0,2,1,101.0,59.4,67.9,113.8,5.65,148.7,47.8,,62.8,0.84,0
SYN-PAT-001568,52.9,Female,East-Rural,157.3,56.9,23.0,0,1,0,117.5,72.5,79.4,128.7,6.0,219.7,61.4,,118.3,,0
SYN-PAT-001569,40.8,Female,North-Rural,150.7,58.6,25.8,0,2,1,127.1,77.1,64.1,99.7,5.33,198.1,46.2,126.1,144.6,1.21,0
SYN-PAT-001570,51.2,Male,South-Urban,167.8,66.7,23.7,0,0,0,108.5,69.8,72.3,93.5,5.45,221.4,54.2,137.4,155.1,1.01,0
SYN-PAT-001571,53.2,Male,North-Rural,150.1,42.8,19.0,1,2,1,119.8,67.2,59.5,117.4,4.93,153.6,65.9,73.1,84.5,1.22,0
SYN-PAT-001572,34.8,Female,North-Urban,155.2,83.6,34.7,0,1,0,129.8,73.9,77.0,107.3,5.22,167.3,57.0,78.9,190.4,0.71,0
SYN-PAT-001573,63.6,Female,West-Rural,156.7,65.1,26.5,0,0,1,142.0,69.8,66.2,108.3,5.35,229.7,35.3,192.7,106.6,0.88,0
SYN-PAT-001574,52.5,Male,South-Rural,177.1,79.4,25.3,0,0,0,122.0,65.2,65.0,88.3,,186.1,37.1,96.3,162.8,1.22,0
SYN-PAT-001575,20.8,Male,North-Rural,161.9,49.3,18.8,1,0,1,102.4,70.3,,65.0,,143.0,51.3,74.1,115.0,0.51,0
SYN-PAT-001576,49.9,Male,South-Rural,169.4,73.7,25.7,1,0,0,113.4,56.4,62.3,100.7,4.92,172.2,39.4,112.4,,1.18,0
SYN-PAT-001577,38.7,Male,East-Urban,169.7,67.4,23.4,0,0,0,121.4,70.0,85.7,87.3,,175.8,38.8,118.5,83.8,1.09,0
SYN-PAT-001578,57.1,Male,North-Rural,177.7,56.5,17.9,0,0,0,136.4,69.9,87.1,81.3,4.23,209.6,60.3,97.0,143.5,,0
SYN-PAT-001579,60.8,Female,North-Urban,156.8,52.4,21.3,1,0,1,162.3,83.5,67.7,89.1,5.82,183.5,54.7,111.3,116.4,1.02,1
SYN-PAT-001580,65.3,Male,North-Urban,167.6,80.3,28.6,0,0,0,138.8,65.3,61.6,90.2,5.9,221.8,24.3,165.1,155.9,1.2,0
SYN-PAT-001581,22.4,Female,West-Rural,145.7,64.5,30.4,0,2,0,111.5,70.6,70.7,102.7,5.22,187.0,55.9,90.1,,0.77,0
SYN-PAT-001582,51.5,Male,West-Rural,163.0,69.6,26.2,0,0,0,113.5,72.3,68.7,113.6,5.94,163.2,40.0,90.4,,1.17,0
SYN-PAT-001583,38.6,Female,South-Urban,155.8,68.5,28.2,0,0,1,96.6,52.3,83.3,101.3,5.02,,46.0,87.7,103.0,0.63,0
SYN-PAT-001584,56.6,Female,North-Urban,153.7,57.9,24.5,1,1,0,134.0,65.7,62.7,,5.37,176.5,51.1,79.3,143.2,1.43,0
SYN-PAT-001585,62.8,Male,South-Rural,172.2,74.4,25.1,1,2,0,164.0,79.8,71.2,,4.76,156.4,53.2,81.5,112.9,1.16,0
SYN-PAT-001586,28.8,Male,East-Urban,171.2,80.9,27.6,1,0,1,134.5,78.6,74.1,119.4,4.98,160.3,41.5,90.9,168.5,0.95,0
SYN-PAT-001587,48.4,Female,West-Urban,160.0,79.1,30.9,0,2,0,140.2,78.4,62.2,103.2,4.2,233.8,,126.1,221.4,1.26,0
SYN-PAT-001588,48.8,Male,North-Urban,177.4,93.2,29.6,0,0,0,128.9,78.3,75.7,107.7,5.23,189.3,44.2,124.1,118.0,0.73,0
SYN-PAT-001589,49.7,Female,North-Rural,159.7,52.5,20.6,0,0,0,123.1,62.1,78.9,96.2,5.11,158.5,59.6,74.4,127.7,1.23,0
SYN-PAT-001590,61.9,Female,West-Urban,163.8,67.6,25.2,1,0,1,106.3,55.9,73.3,107.1,5.87,247.0,39.2,180.2,190.2,0.93,0
SYN-PAT-001591,67.4,Male,West-Urban,176.2,83.2,26.8,0,1,0,143.0,77.0,70.8,83.9,4.85,172.8,44.5,94.9,161.6,1.09,1
SYN-PAT-001592,54.6,Female,North-Urban,154.0,56.9,24.0,0,0,0,117.4,60.7,64.8,78.2,5.13,160.3,,81.4,166.1,0.7,0
SYN-PAT-001593,41.9,Male,East-Urban,176.9,80.4,25.7,0,1,1,110.4,62.4,79.4,125.6,5.45,215.4,44.3,,139.2,0.76,0
SYN-PAT-001594,42.2,Female,South-Rural,165.8,75.3,27.4,0,0,0,116.6,77.8,82.0,82.5,,201.7,50.6,151.2,97.7,0.77,0
SYN-PAT-001595,54.6,Male,North-Rural,175.6,88.8,28.8,1,1,1,130.2,75.6,67.0,107.0,5.8,189.3,50.3,102.5,160.9,1.14,0
SYN-PAT-001596,53.7,Male,South-Urban,168.7,89.1,31.3,0,0,0,121.5,68.8,73.0,84.9,4.2,,28.7,141.3,209.5,1.18,0
SYN-PAT-001597,37.0,Female,South-Urban,143.7,46.9,22.7,0,1,0,113.8,63.5,80.9,65.5,4.41,182.6,53.2,100.8,138.0,0.85,0
SYN-PAT-001598,29.9,Female,South-Urban,157.2,45.2,18.3,0,1,0,99.3,68.9,58.2,65.0,4.2,,47.8,41.0,175.0,0.65,0
SYN-PAT-001599,45.6,Male,West-Rural,167.7,72.6,25.8,0,1,1,122.2,73.1,74.8,137.3,6.5,116.4,52.3,40.0,65.9,1.27,0
SYN-PAT-001600,73.9,Male,North-Rural,179.5,107.3,33.3,1,0,0,131.1,66.6,,,5.57,195.0,36.2,126.1,199.9,1.67,0
SYN-PAT-001601,18.0,Female,West-Urban,157.9,52.4,21.0,1,2,0,105.1,51.7,80.6,68.1,4.66,190.2,58.8,85.3,77.6,0.96,0
SYN-PAT-001602,34.6,Male,South-Urban,173.9,79.8,26.4,1,1,1,108.3,82.8,70.4,122.8,6.02,165.1,47.3,,96.4,0.88,0
SYN-PAT-001603,28.7,Female,West-Rural,172.5,77.7,26.1,0,0,0,104.2,58.5,83.5,85.8,,185.8,,91.9,183.7,0.83,0
SYN-PAT-001604,23.3,Female,North-Urban,151.3,54.5,23.8,0,2,1,108.7,71.9,59.7,119.7,5.44,171.8,70.0,82.0,106.2,0.83,0
SYN-PAT-001605,26.9,Female,West-Urban,152.2,54.0,23.3,0,1,0,89.3,74.9,58.5,124.0,5.39,120.9,52.5,,103.6,,0
SYN-PAT-001606,85.0,Female,North-Rural,149.3,51.9,23.3,0,1,0,130.6,73.7,67.1,125.9,6.05,,56.5,107.8,179.3,1.02,0
SYN-PAT-001607,50.0,Male,North-Rural,158.8,40.3,16.0,0,0,1,121.9,64.0,72.5,97.6,5.25,,42.0,140.2,45.0,0.88,0
SYN-PAT-001608,64.8,Male,North-Rural,161.1,55.5,21.4,0,1,0,110.8,57.0,64.3,109.4,5.16,168.7,55.5,56.8,200.3,1.31,0
SYN-PAT-001609,32.5,Male,East-Rural,161.9,58.2,22.2,0,0,1,132.0,61.8,78.2,97.2,4.56,,43.1,79.4,199.7,,0
SYN-PAT-001610,33.2,Male,West-Rural,170.5,81.1,27.9,0,0,0,130.4,76.8,71.4,65.0,4.94,,36.4,122.7,174.7,0.79,0
SYN-PAT-001611,72.4,Male,West-Urban,170.2,74.4,25.7,0,0,0,129.7,84.0,55.0,93.7,4.98,202.8,51.2,125.2,178.8,1.31,0
SYN-PAT-001612,56.2,Male,South-Rural,171.0,67.5,23.1,1,1,0,121.0,67.5,73.7,78.5,4.2,216.5,40.4,135.0,132.1,1.41,0
SYN-PAT-001613,64.7,Male,East-Rural,172.5,66.1,22.2,1,0,0,136.8,69.5,64.3,85.7,4.2,202.3,50.6,115.5,100.4,1.03,0
SYN-PAT-001614,22.2,Male,East-Rural,160.9,66.0,25.5,0,2,0,90.5,69.7,63.6,117.4,5.68,141.2,,70.9,,0.69,0
SYN-PAT-001615,34.5,Male,East-Rural,158.9,73.0,28.9,0,0,1,93.5,61.0,86.7,126.7,5.15,166.6,38.8,83.9,178.6,0.92,0
SYN-PAT-001616,54.3,Female,South-Rural,160.7,74.9,29.0,0,0,0,123.0,74.7,88.6,110.5,,193.6,60.1,93.2,175.1,1.03,0
SYN-PAT-001617,76.7,Male,East-Rural,163.3,76.3,28.6,0,1,0,138.8,76.3,65.5,125.6,5.27,244.6,52.7,160.8,187.1,1.21,1
SYN-PAT-001618,43.6,Male,South-Urban,156.2,45.6,18.7,0,1,1,115.0,64.7,72.8,65.0,4.34,160.4,51.9,70.5,131.5,1.21,0
SYN-PAT-001619,59.4,Male,North-Rural,175.3,73.4,23.9,0,0,1,119.6,70.3,67.5,123.0,5.65,,38.2,76.0,124.0,1.14,0
SYN-PAT-001620,42.0,Male,West-Urban,178.5,100.7,31.6,0,0,0,139.2,90.2,71.7,117.9,5.26,200.5,41.8,,258.7,1.23,0
SYN-PAT-001621,51.4,Male,West-Urban,179.7,93.6,29.0,0,0,0,108.9,74.1,,65.0,4.2,170.0,48.3,79.1,141.9,0.91,0
SYN-PAT-001622,45.0,Male,North-Rural,169.4,53.4,18.6,1,1,1,106.9,74.2,53.2,,5.34,138.5,49.3,63.8,101.8,0.78,0
SYN-PAT-001623,62.0,Female,West-Rural,148.5,55.6,25.2,0,0,0,135.3,67.3,,75.0,4.29,194.0,42.5,100.5,198.8,0.91,0
SYN-PAT-001624,70.9,Male,North-Urban,178.3,86.8,27.3,0,1,0,122.2,80.2,72.5,,4.65,229.0,51.8,136.8,163.5,0.92,0
SYN-PAT-001625,24.8,Female,East-Urban,135.0,37.0,20.3,0,1,1,90.4,67.7,62.6,115.3,5.31,147.3,42.7,95.0,107.5,0.77,0
SYN-PAT-001626,35.6,Male,South-Urban,176.3,46.9,15.1,0,0,0,107.8,53.9,79.3,65.0,4.4,178.1,46.7,113.1,161.8,0.59,0
SYN-PAT-001627,46.8,Male,South-Rural,170.1,72.0,24.9,0,0,0,108.2,72.2,68.8,81.3,5.46,,33.8,137.6,167.3,0.93,0
SYN-PAT-001628,56.2,Female,East-Urban,162.2,58.1,22.1,0,0,1,122.0,66.5,66.4,124.1,5.32,208.1,54.7,124.9,169.1,0.86,0
SYN-PAT-001629,46.8,Female,North-Rural,157.5,53.3,21.5,0,0,1,109.6,55.9,76.1,96.3,4.79,,49.7,100.0,69.7,0.65,0
SYN-PAT-001630,51.1,Male,East-Rural,177.7,73.9,23.4,0,1,1,111.6,69.4,56.0,102.7,4.41,152.8,,75.3,154.8,0.98,0
SYN-PAT-001631,53.8,Female,West-Urban,148.0,53.4,24.4,0,1,0,99.1,70.1,77.1,92.7,,159.6,56.4,85.4,100.7,,0
SYN-PAT-001632,35.0,Female,West-Rural,161.7,62.2,23.8,0,1,0,115.1,70.5,65.8,94.3,5.18,196.4,52.4,109.6,107.1,1.02,0
SYN-PAT-001633,67.4,Male,West-Rural,178.9,71.7,22.4,0,0,1,115.1,68.1,80.3,107.1,5.02,212.3,,123.6,,0.94,0
SYN-PAT-001634,34.5,Female,North-Urban,160.0,58.6,22.9,0,2,0,110.4,65.6,76.9,88.7,5.06,146.0,56.2,64.6,,0.85,0
SYN-PAT-001635,51.5,Female,North-Urban,160.1,46.4,18.1,0,0,1,111.5,85.4,76.2,90.2,4.75,,49.6,147.4,151.0,,0
SYN-PAT-001636,46.0,Male,North-Rural,167.3,71.7,25.6,0,0,0,118.5,61.8,65.7,,4.57,153.4,30.3,75.9,172.4,1.02,0
SYN-PAT-001637,46.0,Female,South-Urban,151.6,33.3,14.5,1,1,1,115.8,73.3,56.2,98.0,5.07,198.2,55.2,107.0,144.5,,0
SYN-PAT-001638,54.5,Female,West-Rural,159.9,61.1,23.9,1,2,0,132.6,73.4,54.0,,5.62,229.6,55.9,168.0,85.7,0.72,0
SYN-PAT-001639,69.3,Male,East-Urban,171.2,86.2,29.4,0,0,0,128.3,67.5,83.0,102.2,5.3,206.3,44.7,123.5,268.6,1.5,0
SYN-PAT-001640,68.3,Male,North-Urban,171.8,64.3,21.8,1,1,0,151.0,76.3,67.6,95.4,4.73,171.9,34.2,108.1,146.2,1.22,0
SYN-PAT-001641,62.1,Male,West-Urban,171.2,82.4,28.1,0,2,1,109.8,59.0,62.2,120.8,5.3,176.0,43.8,95.8,210.9,1.03,0
SYN-PAT-001642,75.9,Male,West-Urban,152.9,71.5,30.6,0,1,0,139.0,72.2,69.8,130.6,5.9,201.6,51.8,129.7,72.4,1.6,1
SYN-PAT-001643,35.7,Male,North-Rural,168.9,41.4,14.5,0,0,0,115.9,66.4,79.1,65.0,4.2,193.8,,118.8,89.6,1.01,0
SYN-PAT-001644,51.3,Female,South-Urban,158.3,60.6,24.2,0,2,0,128.5,60.8,72.9,96.9,5.83,151.7,55.5,71.4,,1.36,0
SYN-PAT-001645,44.4,Female,North-Rural,155.3,35.0,14.5,0,1,0,99.0,66.8,70.6,,4.63,117.7,43.3,57.0,71.5,0.56,0
SYN-PAT-001646,52.3,Female,North-Rural,156.1,59.5,24.4,0,1,1,113.8,62.0,74.8,102.9,5.42,196.3,59.0,109.9,143.9,0.84,1
SYN-PAT-001647,34.6,Female,South-Urban,142.7,48.3,23.7,0,1,0,101.0,55.3,70.7,107.1,5.17,,53.9,112.9,111.6,0.52,0
SYN-PAT-001648,56.2,Male,South-Urban,180.0,50.5,15.6,0,2,0,125.3,61.0,66.7,72.8,4.2,233.3,55.8,139.6,175.4,1.07,0
SYN-PAT-001649,52.4,Male,South-Urban,176.0,99.7,32.2,0,0,0,121.3,89.6,76.2,109.1,5.06,156.9,35.6,68.0,238.0,,0
SYN-PAT-001650,50.4,Female,West-Urban,150.7,58.6,25.8,0,0,0,126.7,57.7,72.7,,,182.8,54.0,111.5,103.6,0.81,0
SYN-PAT-001651,40.0,Male,West-Urban,169.4,60.0,20.9,0,1,1,116.9,72.2,74.9,82.8,4.6,206.5,36.2,136.3,101.6,1.0,0
SYN-PAT-001652,49.5,Female,North-Rural,149.4,67.4,30.2,1,0,0,161.3,75.8,76.9,119.6,5.58,194.7,58.6,121.6,112.5,0.89,0
SYN-PAT-001653,29.4,Female,North-Urban,151.1,37.9,16.6,0,0,0,108.0,63.0,62.9,65.0,4.6,156.5,,62.1,150.1,0.73,0
SYN-PAT-001654,31.9,Male,South-Rural,162.9,50.2,18.9,1,1,0,103.8,69.9,72.5,85.7,4.88,188.4,52.7,133.0,116.7,0.79,0
SYN-PAT-001655,31.0,Female,South-Rural,153.1,34.7,14.8,0,0,1,86.1,64.4,72.1,92.3,5.34,144.0,56.7,64.3,99.2,0.98,0
SYN-PAT-001656,79.9,Female,North-Rural,147.9,72.8,33.3,0,1,0,142.9,73.2,76.8,103.0,5.17,238.6,57.9,135.5,201.9,0.88,0
SYN-PAT-001657,44.7,Female,North-Rural,155.5,61.9,25.6,0,2,1,118.9,60.6,65.8,109.1,5.44,147.6,59.3,57.5,,0.89,0
SYN-PAT-001658,42.1,Female,North-Urban,148.8,59.1,26.7,0,0,0,93.3,70.1,79.8,77.8,4.87,139.8,47.0,67.3,104.1,0.57,0
SYN-PAT-001659,48.7,Male,South-Urban,163.6,69.1,25.8,0,2,1,114.1,73.9,66.2,117.5,5.6,177.9,37.6,,144.9,0.88,0
SYN-PAT-001660,44.1,Male,North-Rural,170.5,77.0,26.5,1,0,0,130.3,71.4,79.0,71.5,,111.6,40.3,,129.9,0.91,0
SYN-PAT-001661,54.1,Female,West-Rural,165.9,69.4,25.2,0,2,1,118.7,73.9,,103.4,5.56,190.7,71.5,97.1,160.0,0.87,0
SYN-PAT-001662,60.4,Female,West-Urban,158.2,66.1,26.4,0,2,0,141.2,72.5,63.6,,4.5,145.3,54.7,78.2,85.3,1.01,0
SYN-PAT-001663,68.1,Male,East-Rural,177.1,82.2,26.2,1,0,0,121.0,65.2,77.9,124.4,5.58,206.5,45.3,128.1,167.3,0.94,0
SYN-PAT-001664,61.5,Male,South-Urban,162.6,61.1,23.1,1,0,1,141.5,75.0,69.2,112.3,5.34,195.8,31.7,144.5,116.5,1.08,0
SYN-PAT-001665,63.3,Female,West-Rural,155.4,61.1,25.3,0,0,0,141.2,79.4,91.3,118.5,6.47,192.5,42.8,129.8,159.4,0.81,0
SYN-PAT-001666,80.4,Female,West-Urban,149.0,61.3,27.6,0,2,0,153.1,81.2,72.0,,5.44,220.5,64.8,120.0,211.2,0.91,0
SYN-PAT-001667,31.4,Male,North-Rural,164.7,65.1,24.0,0,2,1,92.8,68.3,,108.7,4.85,177.8,39.4,121.1,,1.11,0
SYN-PAT-001668,54.1,Male,East-Rural,171.5,56.8,19.3,0,0,0,123.9,64.2,78.0,83.9,4.92,,39.8,101.6,179.2,0.83,0
SYN-PAT-001669,28.5,Female,West-Rural,159.7,46.7,18.3,0,1,0,97.2,75.6,63.7,96.7,,214.7,55.4,138.8,45.0,0.74,0
SYN-PAT-001670,49.8,Male,East-Urban,176.1,89.3,28.8,0,0,0,108.9,66.9,81.3,94.0,5.03,,51.3,131.8,216.9,1.33,0
SYN-PAT-001671,50.3,Female,North-Urban,151.1,53.9,23.6,0,1,0,116.7,68.8,76.8,65.0,4.31,205.5,65.9,106.9,189.9,1.09,0
SYN-PAT-001672,85.0,Male,West-Urban,160.9,75.1,29.0,0,2,1,134.5,65.3,78.2,122.9,6.08,243.0,38.4,182.2,143.6,1.33,0
SYN-PAT-001673,67.9,Male,East-Rural,165.7,59.3,21.6,1,0,0,146.7,74.2,67.9,106.5,4.82,211.7,40.4,149.1,109.5,1.19,0
SYN-PAT-001674,59.0,Male,North-Rural,160.7,50.6,19.6,1,2,0,135.2,76.5,54.8,65.0,4.2,242.5,52.9,152.4,70.9,1.26,0
SYN-PAT-001675,51.3,Female,South-Rural,149.0,48.0,21.6,0,2,0,106.7,72.6,60.5,75.8,,186.8,61.8,,,0.93,0
SYN-PAT-001676,49.2,Female,West-Rural,164.9,64.7,23.8,0,2,0,112.5,80.5,63.8,71.6,5.04,183.2,53.5,105.7,123.7,1.12,0
SYN-PAT-001677,45.0,Female,North-Rural,144.8,45.9,21.9,0,0,1,112.7,72.2,85.9,115.7,,160.2,42.3,,,0.82,0
SYN-PAT-001678,66.5,Male,South-Rural,177.7,96.6,30.6,0,0,1,135.7,78.0,,,5.77,195.7,31.9,130.8,123.3,1.34,0
SYN-PAT-001679,34.2,Female,North-Urban,155.3,58.8,24.4,0,0,0,125.6,68.5,75.3,84.7,,153.9,47.8,62.0,203.4,0.75,0
SYN-PAT-001680,61.6,Female,North-Urban,151.8,74.7,32.4,0,1,0,143.7,73.3,,119.4,6.47,220.8,,159.4,130.7,1.33,0
SYN-PAT-001681,28.4,Female,South-Urban,156.1,60.7,24.9,0,1,1,111.4,76.2,66.5,107.9,5.77,145.7,45.7,87.5,125.1,0.73,0
SYN-PAT-001682,73.8,Male,West-Rural,186.9,59.4,17.0,1,0,0,131.9,78.2,77.5,122.7,5.84,193.3,38.4,127.1,147.3,0.9,0
SYN-PAT-001683,59.4,Female,South-Urban,163.9,78.7,29.3,0,1,0,110.2,61.9,89.2,93.2,5.06,212.3,58.4,119.3,144.4,0.92,0
SYN-PAT-001684,78.3,Female,South-Rural,157.0,51.0,20.7,1,0,0,156.1,82.9,86.6,97.4,,202.8,56.5,117.3,127.0,1.23,0
SYN-PAT-001685,47.1,Female,South-Rural,149.2,56.5,25.4,0,0,0,116.1,74.9,82.3,88.8,4.42,158.9,38.0,96.9,,1.15,0
SYN-PAT-001686,70.2,Male,North-Urban,171.6,67.7,23.0,0,0,1,150.8,68.6,81.5,114.4,5.73,215.7,37.1,145.6,175.9,,1
SYN-PAT-001687,60.5,Male,East-Rural,159.7,85.4,33.5,0,0,0,138.1,81.4,81.7,155.9,,200.0,36.9,135.6,159.2,0.82,0
SYN-PAT-001688,65.2,Male,South-Rural,168.8,88.6,31.1,0,0,1,160.5,73.7,,122.2,5.55,122.2,34.2,,239.1,,1
SYN-PAT-001689,54.9,Male,South-Rural,163.9,59.6,22.2,0,0,0,130.3,54.0,65.5,78.5,4.98,157.7,,80.3,,1.18,0
SYN-PAT-001690,46.7,Male,West-Rural,159.9,61.4,24.0,0,2,0,102.9,65.5,66.1,72.2,4.49,221.3,,146.9,,0.75,0
SYN-PAT-001691,23.0,Female,East-Rural,159.5,61.1,24.0,0,1,1,99.6,67.9,,,5.28,208.2,58.3,136.9,45.0,0.64,0
SYN-PAT-001692,63.2,Male,South-Urban,169.7,82.9,28.8,0,0,1,131.2,73.5,61.1,102.4,5.01,213.3,36.8,133.3,130.2,1.09,0
SYN-PAT-001693,36.4,Female,South-Urban,152.0,55.4,24.0,0,1,1,103.9,88.5,,112.8,4.48,197.3,58.2,111.5,93.6,0.93,0
SYN-PAT-001694,44.9,Female,South-Rural,146.2,43.8,20.5,0,1,0,111.5,70.4,61.4,75.5,4.92,154.9,55.4,99.5,78.6,0.76,0
SYN-PAT-001695,42.0,Male,West-Rural,173.0,64.3,21.5,0,0,1,98.9,66.2,80.2,77.0,4.2,168.7,50.5,73.8,137.3,0.89,0
SYN-PAT-001696,31.4,Female,South-Urban,149.7,52.9,23.6,0,1,0,111.3,71.7,64.5,97.2,5.89,206.2,48.5,147.2,118.2,0.79,0
SYN-PAT-001697,40.1,Female,South-Urban,148.1,63.2,28.8,1,1,0,129.3,70.7,73.2,,4.76,195.5,61.3,107.2,48.6,0.6,0
SYN-PAT-001698,21.3,Female,East-Urban,150.3,55.6,24.6,0,1,0,94.5,72.0,63.4,91.3,5.54,168.1,46.3,73.8,201.3,1.03,0
SYN-PAT-001699,70.7,Male,West-Rural,165.2,62.8,23.0,0,1,0,155.7,80.8,82.6,,4.49,191.2,43.8,111.7,160.0,1.39,0
SYN-PAT-001700,50.1,Female,South-Urban,155.9,66.1,27.2,0,1,1,125.4,75.0,55.6,120.3,5.9,221.0,,154.0,147.9,0.76,0
SYN-PAT-001701,76.5,Male,North-Urban,165.4,67.8,24.8,1,0,0,133.3,69.0,76.5,,5.59,233.8,41.5,149.1,217.3,1.01,0
SYN-PAT-001702,39.7,Male,North-Rural,174.8,84.0,27.5,0,2,0,99.6,55.3,56.3,107.1,5.9,,44.7,,181.9,0.77,0
SYN-PAT-001703,41.3,Male,South-Rural,169.6,97.2,33.8,0,0,0,126.1,71.0,,87.0,4.31,192.2,45.2,108.3,146.8,1.12,0
SYN-PAT-001704,43.5,Female,West-Urban,149.7,51.3,22.9,0,2,0,114.2,71.0,67.7,65.0,4.2,168.7,50.9,113.3,48.5,0.65,0
SYN-PAT-001705,51.5,Male,South-Rural,165.6,76.2,27.8,0,0,0,135.3,71.7,75.4,112.6,5.68,209.1,28.4,140.7,174.3,1.04,0
SYN-PAT-001706,31.6,Female,North-Urban,157.2,51.4,20.8,0,0,0,107.3,68.9,73.4,85.8,4.85,137.5,71.9,48.4,74.7,0.46,0
SYN-PAT-001707,38.1,Female,West-Urban,158.9,59.6,23.6,0,1,0,100.6,64.4,70.4,78.0,4.8,150.9,52.0,59.3,180.2,0.88,0
SYN-PAT-001708,50.9,Female,North-Rural,159.8,63.6,24.9,0,0,0,143.2,79.1,67.0,69.3,4.35,145.2,44.5,86.0,109.4,1.04,0
SYN-PAT-001709,69.8,Male,North-Rural,184.3,85.6,25.2,1,2,1,145.0,69.0,65.2,79.1,5.41,233.1,60.6,152.3,139.0,1.17,0
SYN-PAT-001710,47.4,Female,North-Urban,164.0,91.2,33.9,0,0,0,125.8,76.2,75.0,107.1,6.58,174.2,53.8,89.9,108.0,,0
SYN-PAT-001711,29.9,Female,East-Rural,150.9,50.8,22.3,1,1,0,117.3,64.6,70.5,113.7,5.41,180.4,60.3,100.8,64.9,0.92,0
SYN-PAT-001712,48.6,Female,East-Rural,164.1,72.2,26.8,0,0,1,129.1,61.8,72.4,106.9,5.5,183.1,44.0,103.7,140.9,0.92,0
SYN-PAT-001713,69.1,Female,North-Rural,157.9,46.1,18.5,0,0,0,110.5,65.5,77.1,88.3,4.82,271.1,63.0,183.9,130.2,1.1,0
SYN-PAT-001714,47.0,Male,East-Rural,181.6,86.4,26.2,1,0,1,130.0,84.9,73.6,107.5,5.88,197.3,33.0,148.8,122.6,0.84,0
SYN-PAT-001715,30.1,Male,East-Rural,179.2,89.3,27.8,0,1,0,108.7,58.2,71.9,130.5,,123.7,39.7,42.0,219.7,1.0,0
SYN-PAT-001716,68.6,Male,East-Rural,165.5,65.2,23.8,0,1,1,138.0,75.3,65.9,127.0,5.17,229.0,36.9,134.5,178.5,1.21,0
SYN-PAT-001717,40.1,Female,North-Rural,162.6,38.6,14.6,0,1,0,99.5,69.2,58.0,65.0,4.2,155.6,58.1,84.1,105.0,1.01,0
SYN-PAT-001718,64.0,Female,West-Urban,154.8,60.9,25.4,0,2,0,123.5,88.9,67.9,102.2,4.73,189.4,68.9,98.0,45.0,0.96,0
SYN-PAT-001719,54.3,Male,East-Rural,175.3,76.8,25.0,0,1,0,145.0,72.6,79.8,103.3,6.41,169.4,48.2,78.1,179.7,1.1,0
SYN-PAT-001720,30.1,Female,West-Urban,157.4,65.2,26.3,0,2,0,127.6,68.1,70.6,70.3,4.84,179.5,52.7,77.8,255.1,0.7,0
SYN-PAT-001721,45.9,Male,South-Rural,167.6,90.2,32.1,1,0,1,92.9,58.2,,128.9,5.55,,37.4,128.1,150.3,1.24,1
SYN-PAT-001722,44.5,Female,East-Urban,145.4,48.4,22.9,0,0,0,131.8,81.3,78.9,75.9,4.31,161.2,50.9,,97.3,0.45,0
SYN-PAT-001723,29.8,Male,North-Rural,166.4,55.9,20.2,0,0,0,106.6,59.9,,65.0,4.72,152.3,36.7,85.7,118.9,1.01,0
SYN-PAT-001724,50.2,Female,North-Urban,155.7,49.2,20.3,0,0,0,110.3,64.5,77.4,90.9,5.28,182.7,52.9,106.4,68.5,0.86,0
SYN-PAT-001725,39.8,Female,East-Rural,153.1,58.1,24.8,0,1,1,104.8,53.5,66.3,101.8,5.52,112.9,64.5,40.0,152.3,0.77,0
SYN-PAT-001726,39.2,Male,South-Urban,167.8,72.9,25.9,0,1,1,106.1,74.6,72.7,104.4,5.04,139.1,44.1,65.1,198.5,0.91,0
SYN-PAT-001727,47.5,Male,North-Rural,179.3,72.3,22.5,0,1,0,111.0,76.8,64.5,77.6,4.78,227.5,45.1,167.8,104.4,1.01,0
SYN-PAT-001728,74.2,Female,West-Rural,146.5,62.5,29.1,0,1,0,126.0,79.7,66.3,99.4,5.23,215.2,61.3,125.7,,1.1,0
SYN-PAT-001729,61.8,Male,North-Urban,171.8,80.3,27.2,0,2,0,114.8,58.3,53.7,123.5,5.21,181.0,61.9,101.6,153.9,0.96,0
SYN-PAT-001730,63.2,Male,East-Urban,173.4,77.3,25.7,0,2,0,118.1,75.1,71.0,109.7,4.92,147.3,60.2,71.9,133.1,,0
SYN-PAT-001731,18.6,Female,South-Rural,155.1,46.7,19.4,0,0,0,104.6,53.2,74.2,65.0,4.53,156.7,56.9,98.7,45.0,0.76,0
SYN-PAT-001732,62.6,Female,West-Urban,141.7,47.4,23.6,0,0,0,129.0,72.8,75.8,65.0,4.5,219.5,44.8,136.6,131.6,0.79,0
SYN-PAT-001733,73.8,Female,West-Urban,146.4,36.2,16.9,0,0,1,135.6,73.3,72.8,90.1,5.06,265.0,51.7,198.5,113.3,1.12,0
SYN-PAT-001734,60.6,Female,West-Rural,159.0,66.2,26.2,0,0,1,128.8,75.4,66.3,116.2,5.83,,56.8,,210.8,1.02,0
SYN-PAT-001735,35.0,Male,North-Urban,179.2,76.7,23.9,1,1,0,103.8,70.9,77.4,76.8,5.32,149.5,45.2,65.4,175.0,0.8,0
SYN-PAT-001736,76.4,Female,East-Rural,166.4,74.8,27.0,0,1,0,144.9,76.8,78.4,96.0,4.73,191.1,44.9,94.0,227.0,0.85,1
SYN-PAT-001737,49.3,Female,South-Urban,163.7,71.3,26.6,0,0,1,111.6,54.7,66.2,98.8,5.41,145.7,52.7,55.4,179.2,0.71,0
SYN-PAT-001738,35.4,Female,East-Rural,153.5,59.6,25.3,0,1,0,122.7,75.5,74.1,88.8,5.25,152.7,47.5,71.1,139.4,0.84,0
SYN-PAT-001739,50.8,Male,North-Urban,152.1,56.2,24.3,0,1,0,108.6,68.8,76.8,109.1,5.16,179.1,48.0,112.1,103.6,1.02,1
SYN-PAT-001740,61.0,Female,North-Rural,152.9,59.6,25.5,0,0,1,120.9,64.4,68.6,112.6,5.44,182.9,45.2,94.5,,,0
SYN-PAT-001741,63.0,Female,West-Rural,168.4,57.0,20.1,0,0,0,121.3,57.8,68.8,95.5,4.84,245.5,55.1,,152.9,0.88,0
SYN-PAT-001742,45.9,Female,South-Urban,162.5,58.6,22.2,0,2,0,126.2,82.9,70.3,86.3,5.76,142.5,,72.6,78.1,0.71,0
SYN-PAT-001743,70.6,Male,West-Urban,171.9,77.1,26.1,0,1,0,137.1,84.1,56.9,96.3,5.12,198.8,44.5,126.8,122.8,1.31,0
SYN-PAT-001744,28.3,Female,West-Rural,156.3,50.3,20.6,0,0,0,107.3,72.0,62.1,97.3,5.21,,51.3,40.0,58.8,,0
SYN-PAT-001745,56.9,Male,West-Rural,161.4,74.0,28.4,0,0,0,152.0,73.8,,116.1,5.38,203.2,39.1,129.9,70.5,1.01,0
SYN-PAT-001746,64.3,Female,South-Urban,158.8,58.3,23.1,0,0,0,106.9,50.0,56.8,135.7,5.6,154.8,51.8,77.9,164.0,0.79,0
SYN-PAT-001747,27.6,Female,West-Urban,165.1,66.0,24.2,0,0,0,97.2,71.3,81.5,96.6,4.46,200.8,44.2,143.5,69.4,0.45,0
SYN-PAT-001748,48.2,Female,West-Urban,140.7,49.5,25.0,0,2,1,108.7,71.1,49.6,97.9,5.58,176.1,54.4,98.3,108.4,0.95,0
SYN-PAT-001749,53.7,Female,North-Urban,158.0,69.4,27.8,0,0,0,105.9,65.7,76.1,84.4,5.21,151.9,,77.3,154.0,1.04,0
SYN-PAT-001750,29.6,Male,East-Urban,162.3,70.9,26.9,1,0,0,110.5,77.7,79.9,107.1,5.17,115.5,46.2,40.0,122.7,1.09,0
SYN-PAT-001751,65.4,Male,East-Urban,174.3,86.0,28.3,0,0,0,142.2,83.0,70.8,91.4,4.6,172.0,41.7,104.2,133.2,1.51,0
SYN-PAT-001752,28.8,Male,East-Rural,164.0,41.4,15.4,0,1,0,95.8,63.9,61.4,89.2,4.85,166.8,48.5,76.3,161.6,1.17,0
SYN-PAT-001753,47.9,Male,North-Urban,167.3,81.4,29.1,1,0,1,127.0,73.8,,98.4,4.94,200.8,43.7,,87.3,0.99,0
SYN-PAT-001754,47.6,Female,South-Urban,165.0,82.8,30.4,0,0,0,105.3,69.6,73.9,107.9,5.27,176.4,62.6,73.0,92.5,1.04,0
SYN-PAT-001755,76.2,Female,North-Urban,166.6,67.7,24.4,0,1,0,127.0,77.3,77.9,86.2,4.28,227.6,61.7,137.9,180.1,1.01,0
SYN-PAT-001756,79.5,Male,South-Urban,168.1,77.4,27.4,0,0,0,135.4,68.5,50.8,,5.76,175.7,39.1,115.1,145.6,1.15,1
SYN-PAT-001757,59.6,Male,West-Rural,158.1,54.7,21.9,1,0,0,139.1,77.3,63.9,73.2,4.65,106.0,62.2,40.0,112.7,1.0,0
SYN-PAT-001758,45.2,Male,East-Rural,183.8,57.4,17.0,1,0,0,99.2,56.9,75.3,88.2,5.27,180.6,,128.5,70.0,0.94,0
SYN-PAT-001759,27.4,Female,North-Rural,153.6,48.4,20.5,0,1,0,101.0,75.3,68.8,77.1,4.54,201.4,47.2,120.2,125.1,0.79,0
SYN-PAT-001760,69.6,Female,West-Rural,160.6,61.4,23.8,0,2,0,145.5,80.0,72.6,103.7,5.04,233.1,63.9,140.8,163.4,1.31,0
SYN-PAT-001761,47.1,Male,West-Urban,168.1,65.6,23.2,1,0,1,120.2,65.1,74.3,97.0,4.34,145.0,34.4,91.0,139.2,,0
SYN-PAT-001762,52.4,Female,North-Rural,155.6,51.3,21.2,0,0,1,95.4,64.9,70.4,96.1,5.49,,53.7,,108.4,0.7,0
SYN-PAT-001763,34.7,Female,North-Urban,164.2,56.6,21.0,0,0,1,126.2,64.6,68.9,99.1,5.45,190.9,48.6,112.0,86.6,0.63,0
SYN-PAT-001764,53.1,Female,South-Urban,155.1,59.7,24.8,0,1,1,133.1,84.9,89.2,90.5,4.95,169.6,65.7,87.5,136.7,1.02,0
SYN-PAT-001765,37.5,Male,North-Rural,160.6,54.2,21.0,1,1,1,128.9,83.7,81.5,79.3,4.2,175.4,52.3,110.3,161.0,1.17,0
SYN-PAT-001766,29.2,Female,West-Rural,157.4,63.2,25.5,0,1,1,90.8,69.7,73.8,93.5,4.46,152.4,57.9,61.0,192.2,0.94,0
SYN-PAT-001767,53.9,Male,South-Urban,182.6,91.7,27.5,0,1,0,145.1,88.7,70.8,93.3,4.79,160.4,43.7,82.7,198.4,1.07,0
SYN-PAT-001768,61.9,Female,East-Rural,160.6,89.0,34.5,0,2,0,128.0,76.5,,94.6,5.6,179.4,44.2,92.1,199.0,1.04,0
SYN-PAT-001769,39.8,Male,West-Rural,176.9,88.9,28.4,0,2,1,113.9,76.2,,124.6,5.8,209.6,44.0,130.6,184.2,1.14,0
SYN-PAT-001770,29.9,Male,West-Urban,171.8,72.0,24.4,1,1,0,108.7,77.3,72.9,80.8,4.2,172.0,43.3,117.4,74.2,,0
SYN-PAT-001771,67.9,Female,North-Urban,160.9,60.6,23.4,0,1,0,142.5,75.2,62.7,96.6,,230.7,56.8,147.8,121.5,1.06,0
SYN-PAT-001772,58.3,Male,South-Urban,147.0,56.8,26.3,1,0,0,132.2,74.4,88.0,76.7,4.31,206.9,27.4,158.2,173.9,1.28,0
SYN-PAT-001773,71.8,Female,North-Urban,150.7,61.8,27.2,0,1,0,142.3,83.4,72.1,144.5,5.82,247.2,38.5,178.4,160.2,1.13,0
SYN-PAT-001774,73.7,Female,South-Urban,160.2,62.1,24.2,0,1,0,136.0,78.9,86.4,147.7,6.51,222.8,61.1,130.3,172.5,1.02,0
SYN-PAT-001775,50.3,Male,West-Rural,163.7,74.2,27.7,1,1,0,130.0,68.1,71.8,85.2,5.22,210.1,56.9,113.5,190.5,1.54,0
SYN-PAT-001776,32.7,Female,East-Urban,150.5,41.4,18.3,0,0,0,96.1,50.0,68.7,102.0,5.56,162.7,46.9,86.5,143.6,1.09,0
SYN-PAT-001777,61.2,Female,East-Urban,166.7,67.8,24.4,0,1,1,150.1,75.9,81.1,109.6,5.3,276.2,50.5,217.3,103.1,1.0,0
SYN-PAT-001778,36.8,Female,South-Urban,151.4,59.6,26.0,1,1,1,104.7,52.0,72.3,132.5,6.19,,38.5,117.3,,0.75,0
SYN-PAT-001779,46.2,Female,East-Rural,149.5,52.3,23.4,0,1,1,124.2,63.8,70.2,110.1,5.04,125.8,46.1,62.3,95.4,1.0,0
SYN-PAT-001780,73.8,Male,North-Urban,160.4,65.1,25.3,0,0,1,140.6,68.9,62.4,119.3,5.4,208.7,42.9,141.9,128.8,1.2,0
SYN-PAT-001781,52.3,Female,West-Urban,159.7,62.0,24.3,0,0,0,137.2,70.1,77.9,65.0,4.27,158.6,48.8,92.2,69.6,1.15,0
SYN-PAT-001782,79.2,Male,South-Rural,158.8,58.8,23.3,0,0,0,154.0,83.9,67.9,,4.9,230.8,52.9,130.7,165.8,1.04,1
SYN-PAT-001783,47.5,Male,South-Urban,171.2,85.0,29.0,1,2,0,129.1,81.8,63.7,100.2,4.62,208.9,49.4,,75.8,1.01,0
SYN-PAT-001784,50.5,Female,South-Urban,157.8,52.0,20.9,1,1,1,131.9,76.0,64.3,106.0,5.09,175.4,55.8,100.9,147.1,1.03,0
SYN-PAT-001785,50.4,Female,East-Urban,150.5,58.7,25.9,0,0,0,144.9,81.3,76.5,,5.3,,48.3,85.8,201.5,1.11,0
SYN-PAT-001786,54.1,Male,North-Rural,172.7,79.0,26.5,1,0,1,131.4,78.7,59.8,98.1,4.62,,59.4,89.6,,0.83,0
SYN-PAT-001787,52.2,Female,West-Rural,149.0,47.1,21.2,0,1,0,107.9,50.0,66.8,101.5,4.5,164.3,53.8,98.0,134.9,0.7,0
SYN-PAT-001788,64.5,Female,East-Urban,150.1,58.1,25.8,0,0,1,126.7,72.6,81.0,89.5,4.37,217.8,41.4,152.1,219.9,0.66,1
SYN-PAT-001789,44.4,Female,North-Urban,158.4,52.4,20.9,0,2,0,100.5,51.8,54.9,90.4,6.07,192.4,64.7,110.3,139.4,0.66,0
SYN-PAT-001790,60.7,Male,East-Urban,173.6,92.2,30.6,0,1,1,137.8,80.2,72.4,141.4,6.25,281.3,48.2,223.7,129.6,0.91,1
SYN-PAT-001791,28.8,Male,South-Rural,162.3,50.3,19.1,1,0,0,124.8,54.4,65.7,86.4,4.65,152.1,51.9,85.5,113.4,1.05,0
SYN-PAT-001792,49.8,Female,East-Rural,157.3,54.9,22.2,1,1,0,124.8,69.7,65.4,97.9,5.08,173.4,,59.7,215.9,0.93,0
SYN-PAT-001793,52.4,Female,West-Rural,147.4,43.9,20.2,0,0,0,100.5,69.2,85.4,65.0,4.46,176.9,52.3,112.8,84.2,0.83,0
SYN-PAT-001794,74.4,Male,South-Rural,167.3,58.8,21.0,1,2,1,151.0,68.0,51.5,97.4,,,,95.1,92.0,1.24,0
SYN-PAT-001795,35.4,Male,East-Rural,183.0,100.1,29.9,0,0,0,97.5,74.5,,133.1,5.63,210.5,46.9,123.7,169.5,1.15,0
SYN-PAT-001796,52.3,Male,South-Rural,168.3,76.2,26.9,0,2,1,107.0,72.3,62.9,100.2,,181.4,55.9,100.8,139.3,0.85,0
SYN-PAT-001797,34.0,Male,West-Urban,176.6,75.8,24.3,1,1,1,117.2,72.8,64.8,123.1,5.26,,46.4,163.9,104.5,0.62,0
SYN-PAT-001798,36.8,Female,West-Rural,151.2,48.9,21.4,0,2,1,115.4,73.9,56.2,,4.63,188.8,58.4,,68.1,0.93,0
SYN-PAT-001799,33.3,Male,East-Urban,172.4,80.5,27.1,0,0,0,120.4,68.8,,86.6,5.05,163.5,46.6,,52.2,0.9,0
SYN-PAT-001800,34.9,Female,South-Rural,140.6,40.9,20.7,0,0,0,109.9,68.4,69.8,,4.48,149.7,48.4,88.5,56.3,0.6,0
SYN-PAT-001801,64.0,Female,East-Urban,161.2,74.3,28.6,0,1,0,154.6,79.6,67.7,107.7,6.51,228.0,50.6,136.7,230.7,1.12,0
SYN-PAT-001802,68.8,Male,West-Rural,162.5,59.4,22.5,0,1,1,131.7,72.5,69.8,118.7,5.81,195.4,,123.0,149.3,0.81,0
SYN-PAT-001803,32.7,Female,East-Urban,155.0,50.9,21.2,0,0,1,122.4,65.1,70.1,81.0,4.2,169.8,52.6,116.3,45.0,0.64,0
SYN-PAT-001804,36.5,Male,North-Urban,181.1,87.9,26.8,1,0,1,132.2,64.7,55.9,84.1,4.2,162.0,43.8,83.6,185.6,,0
SYN-PAT-001805,38.7,Female,East-Urban,162.9,72.4,27.3,0,0,0,102.9,65.2,68.9,78.1,4.42,179.1,37.9,99.2,190.9,0.84,0
SYN-PAT-001806,46.0,Male,North-Rural,160.5,68.8,26.7,0,1,0,119.9,68.3,77.5,86.6,,,51.6,81.4,194.8,,0
SYN-PAT-001807,36.1,Male,South-Rural,165.3,54.4,19.9,0,0,1,136.2,67.3,58.4,91.3,5.1,,41.1,,98.5,,0
SYN-PAT-001808,29.2,Female,West-Rural,170.0,63.0,21.8,0,0,0,102.5,72.4,,101.8,5.07,188.1,55.8,120.4,104.7,0.6,0
SYN-PAT-001809,27.6,Male,South-Urban,178.8,76.7,24.0,0,0,1,101.4,57.6,68.6,98.9,4.82,164.7,41.4,102.2,126.7,1.22,0
SYN-PAT-001810,22.8,Female,South-Urban,159.8,50.6,19.8,0,0,0,105.4,64.7,65.0,86.7,4.38,156.2,46.9,75.9,164.1,0.83,0
SYN-PAT-001811,56.7,Male,South-Urban,172.0,89.6,30.3,0,0,0,125.3,82.3,73.6,107.7,,198.7,47.5,115.8,138.5,1.52,0
SYN-PAT-001812,45.8,Female,West-Rural,157.5,38.0,15.3,0,2,1,102.6,70.9,54.8,,4.2,170.9,62.6,103.6,79.4,0.85,0
SYN-PAT-001813,31.6,Male,North-Rural,164.2,55.5,20.6,0,0,0,103.0,74.9,68.1,82.8,4.54,141.4,48.9,69.3,143.8,,0
SYN-PAT-001814,55.6,Female,East-Urban,157.4,57.2,23.1,0,2,0,141.3,70.5,65.6,97.7,5.65,133.5,72.5,43.7,191.5,1.21,0
SYN-PAT-001815,33.3,Female,South-Rural,156.8,35.7,14.5,0,0,1,103.0,69.8,75.4,100.9,,139.6,66.9,58.6,96.6,0.74,0
SYN-PAT-001816,64.2,Female,East-Rural,154.7,48.3,20.2,0,0,1,110.5,59.3,81.9,87.8,5.09,185.3,40.0,117.9,167.7,0.98,0
SYN-PAT-001817,41.6,Female,East-Rural,164.8,72.2,26.6,0,0,1,101.3,65.1,70.7,69.6,4.89,161.2,46.9,70.8,144.1,0.45,0
SYN-PAT-001818,73.5,Male,West-Rural,166.6,72.7,26.2,0,1,1,163.1,79.3,85.8,121.7,5.1,225.1,48.1,149.5,153.2,1.57,0
SYN-PAT-001819,42.3,Male,North-Urban,162.2,79.5,30.2,1,1,0,126.2,69.4,69.2,105.6,4.94,180.2,54.6,99.4,115.2,1.09,0
SYN-PAT-001820,27.2,Male,North-Rural,167.1,81.5,29.2,0,1,0,118.9,69.1,77.6,88.7,5.45,228.1,43.8,175.2,86.7,,0
SYN-PAT-001821,51.1,Female,South-Rural,159.5,67.2,26.4,0,0,0,115.2,66.5,,98.4,4.7,172.1,34.4,116.9,120.6,1.04,0
SYN-PAT-001822,54.3,Female,East-Urban,162.3,68.8,26.1,0,2,0,129.9,65.9,68.0,114.6,5.41,193.5,62.5,119.4,107.1,0.71,0
SYN-PAT-001823,60.7,Female,South-Urban,154.4,61.0,25.6,0,2,0,146.6,83.3,55.0,92.4,5.9,185.0,41.8,131.8,163.7,0.89,0
SYN-PAT-001824,64.1,Male,North-Rural,169.0,44.3,15.5,0,0,1,114.6,65.4,70.9,95.9,5.35,195.5,,109.6,177.4,1.21,0
SYN-PAT-001825,84.3,Male,North-Rural,167.9,60.6,21.5,0,1,0,144.1,76.6,63.4,106.2,5.24,233.3,47.4,161.8,,,0
SYN-PAT-001826,31.3,Female,South-Rural,148.6,53.0,24.0,0,1,0,94.7,66.2,66.9,,4.79,189.1,53.3,125.6,85.2,0.82,0
SYN-PAT-001827,42.6,Female,West-Rural,150.2,60.0,26.6,0,0,0,144.3,77.0,89.8,92.0,4.97,125.6,38.2,72.0,176.1,0.94,0
SYN-PAT-001828,71.2,Female,East-Urban,146.9,58.5,27.1,0,0,0,139.4,76.4,62.6,105.7,5.73,215.7,42.2,145.2,176.9,1.14,0
SYN-PAT-001829,49.5,Male,West-Urban,174.5,64.9,21.3,1,1,0,120.3,67.5,71.1,120.1,4.56,152.3,53.8,74.2,151.6,0.81,0
SYN-PAT-001830,48.7,Male,West-Urban,172.6,84.0,28.2,0,2,1,121.1,82.6,59.8,105.9,5.23,179.7,40.6,122.1,127.7,1.28,0
SYN-PAT-001831,65.5,Male,West-Rural,171.1,91.6,31.3,0,0,0,130.5,80.7,71.5,113.6,4.56,222.3,36.3,,219.2,1.06,0
SYN-PAT-001832,74.5,Female,West-Rural,159.6,75.7,29.7,0,1,0,134.7,75.6,77.0,128.0,5.83,175.6,42.2,103.6,221.7,1.04,0
SYN-PAT-001833,65.3,Male,North-Urban,170.2,85.2,29.4,0,2,0,105.5,65.6,70.3,92.4,4.94,233.0,42.9,150.2,158.4,0.99,0
SYN-PAT-001834,56.3,Male,West-Rural,155.6,55.7,23.0,0,0,0,123.3,70.0,70.1,120.3,6.12,177.2,,,171.2,1.04,0
SYN-PAT-001835,65.5,Female,East-Urban,153.7,70.2,29.7,0,0,0,133.5,78.3,68.2,139.7,6.31,261.9,43.0,193.6,213.4,1.03,1
SYN-PAT-001836,39.4,Male,North-Urban,179.1,78.9,24.6,0,1,1,122.4,82.5,72.1,102.3,4.93,180.0,45.9,92.0,112.5,1.13,0
SYN-PAT-001837,45.8,Female,West-Urban,152.3,61.2,26.4,1,0,0,121.3,61.2,87.4,86.0,4.69,232.1,36.3,,138.7,1.02,0
SYN-PAT-001838,39.3,Female,North-Urban,155.6,61.5,25.4,0,0,0,107.9,73.2,64.9,121.1,5.73,212.5,54.2,132.3,137.5,0.88,0
SYN-PAT-001839,78.3,Male,South-Urban,163.5,69.2,25.9,1,0,0,144.9,85.0,89.0,122.4,5.33,,51.3,110.6,120.7,1.13,1
SYN-PAT-001840,30.8,Female,South-Urban,149.5,45.4,20.3,0,0,0,88.8,51.4,81.5,83.3,4.71,,51.3,,131.6,0.79,0
SYN-PAT-001841,37.3,Male,West-Urban,168.7,67.2,23.6,0,2,0,116.2,68.2,77.8,114.4,5.99,178.6,48.2,101.1,170.5,1.02,0
SYN-PAT-001842,57.6,Male,South-Rural,181.0,94.7,28.9,1,1,0,113.9,62.6,73.1,127.5,5.37,178.7,47.8,96.5,152.6,1.09,0
SYN-PAT-001843,40.5,Female,West-Urban,159.7,57.4,22.5,0,0,0,128.8,75.2,81.8,82.5,4.54,220.5,49.8,136.1,141.3,0.95,0
SYN-PAT-001844,64.8,Male,East-Urban,169.8,83.6,29.0,0,1,0,142.5,74.3,61.9,111.2,5.28,192.9,40.9,110.1,223.4,0.94,0
SYN-PAT-001845,79.1,Female,West-Rural,167.4,81.8,29.2,0,2,0,131.2,73.5,61.9,123.1,,200.9,64.2,116.4,159.6,0.68,0
SYN-PAT-001846,51.4,Female,North-Urban,157.2,58.3,23.6,0,0,0,130.2,69.5,78.7,94.9,5.28,145.5,41.7,,153.9,1.12,0
SYN-PAT-001847,58.4,Female,South-Rural,152.7,71.1,30.5,0,0,0,133.3,80.8,76.4,81.1,5.34,209.2,53.3,126.6,139.8,0.92,0
SYN-PAT-001848,34.4,Female,North-Urban,153.4,52.7,22.4,1,2,1,105.8,68.6,64.6,81.1,5.06,139.3,45.3,67.7,96.8,0.85,0
SYN-PAT-001849,63.0,Female,North-Rural,155.3,75.2,31.2,0,2,0,110.8,72.4,46.8,84.4,5.29,213.7,60.2,120.5,183.7,0.77,0
SYN-PAT-001850,51.6,Female,East-Rural,147.6,57.5,26.4,0,0,1,128.6,74.3,69.1,118.9,5.74,204.4,,118.2,156.9,1.13,0
SYN-PAT-001851,39.8,Female,East-Rural,150.0,54.0,24.0,0,0,0,106.7,71.9,62.3,68.9,4.66,156.6,,81.4,154.0,0.87,0
SYN-PAT-001852,66.5,Female,North-Urban,143.4,45.9,22.3,1,0,0,148.6,74.3,76.0,102.2,4.48,219.7,55.7,144.2,150.4,0.99,0
SYN-PAT-001853,61.8,Male,South-Rural,168.1,70.9,25.1,1,0,0,135.4,87.0,70.9,133.4,5.96,185.5,47.2,121.2,170.9,1.19,1
SYN-PAT-001854,81.3,Female,West-Urban,155.6,62.5,25.8,0,1,1,132.2,64.5,64.4,146.9,6.03,165.5,58.5,59.7,238.8,0.75,1
SYN-PAT-001855,65.0,Male,South-Urban,153.6,49.1,20.8,0,0,0,149.0,63.0,93.9,65.0,4.61,233.4,53.1,146.0,186.4,1.25,0
SYN-PAT-001856,39.1,Male,East-Urban,173.5,69.8,23.2,0,0,0,122.1,57.2,80.9,65.9,4.39,150.3,44.1,66.7,142.1,,0
SYN-PAT-001857,53.7,Male,North-Urban,172.3,65.0,21.9,0,1,0,85.0,50.0,77.7,79.1,5.01,198.3,44.4,129.9,157.1,1.06,0
SYN-PAT-001858,68.3,Female,North-Urban,158.7,70.5,28.0,0,2,0,129.5,78.8,86.0,85.8,5.31,212.8,67.2,119.8,152.1,1.02,1
SYN-PAT-001859,76.4,Male,East-Urban,177.8,98.6,31.2,1,0,0,131.9,79.4,80.9,84.5,4.2,220.9,35.4,147.6,173.4,1.15,1
SYN-PAT-001860,50.2,Male,West-Urban,163.0,53.1,20.0,0,0,0,109.0,75.9,64.7,89.0,4.64,189.9,53.8,99.0,148.4,1.22,0
SYN-PAT-001861,47.6,Male,West-Rural,157.3,77.0,31.1,0,2,0,124.8,65.8,60.5,115.3,4.69,,46.7,103.7,,1.27,0
SYN-PAT-001862,65.6,Female,South-Urban,151.5,57.6,25.1,0,1,1,135.6,79.9,77.7,131.1,5.86,243.0,46.1,163.2,187.7,0.91,0
SYN-PAT-001863,33.0,Female,North-Urban,150.9,45.5,20.0,0,0,0,112.2,68.0,53.7,73.8,4.4,195.1,42.7,109.8,167.2,0.84,0
SYN-PAT-001864,63.1,Male,North-Rural,161.7,74.3,28.4,0,0,0,145.7,78.7,72.7,100.4,5.8,211.3,49.2,139.2,157.3,1.21,0
SYN-PAT-001865,74.3,Female,South-Urban,170.0,70.8,24.5,0,0,0,143.3,80.5,53.9,111.1,5.44,163.3,54.3,96.2,75.3,1.12,0
SYN-PAT-001866,60.7,Female,North-Rural,150.2,56.4,25.0,0,1,0,135.5,68.5,70.3,97.9,4.87,165.0,44.0,74.5,235.6,,0
SYN-PAT-001867,26.4,Female,East-Rural,152.9,50.7,21.7,0,0,0,109.3,86.9,78.9,96.5,5.43,184.5,51.6,125.5,86.1,0.95,0
SYN-PAT-001868,33.2,Male,East-Urban,164.7,55.9,20.6,0,0,0,125.2,80.6,73.8,90.9,4.74,113.1,48.3,40.0,124.0,1.08,0
SYN-PAT-001869,32.5,Male,South-Urban,159.5,67.2,26.4,1,0,0,116.5,66.5,,,4.6,185.2,44.9,89.8,162.1,1.17,0
SYN-PAT-001870,42.9,Female,West-Rural,162.1,61.0,23.2,0,0,0,113.8,60.7,88.8,65.0,4.58,141.4,46.1,71.1,190.1,0.63,0
SYN-PAT-001871,58.9,Male,South-Urban,163.1,52.7,19.8,0,1,0,100.3,64.2,67.0,119.4,6.17,160.6,50.6,66.7,210.0,0.86,0
SYN-PAT-001872,41.8,Female,South-Rural,151.5,60.4,26.3,0,0,0,132.0,75.2,96.7,81.7,5.17,,50.0,63.2,123.4,,0
SYN-PAT-001873,54.0,Female,South-Rural,160.3,52.4,20.4,0,0,0,120.1,77.4,,,5.27,189.4,,83.0,,1.11,0
SYN-PAT-001874,72.3,Male,East-Urban,173.1,65.0,21.7,0,2,0,167.4,71.5,73.7,65.7,5.63,227.2,68.4,129.0,,1.11,0
SYN-PAT-001875,66.6,Male,West-Rural,156.4,73.9,30.2,0,1,0,131.4,77.0,65.6,108.8,,,43.8,114.6,284.7,1.31,0
SYN-PAT-001876,55.8,Male,South-Urban,179.3,65.9,20.5,1,0,0,129.1,60.0,85.1,93.9,,196.6,49.3,125.7,179.9,1.01,0
SYN-PAT-001877,47.5,Female,West-Urban,160.9,40.6,15.7,0,1,1,120.0,71.3,76.0,97.2,5.0,177.3,61.2,98.6,106.1,0.56,0
SYN-PAT-001878,36.5,Male,East-Rural,168.1,74.3,26.3,0,0,0,103.2,66.7,,146.1,6.75,197.3,36.7,137.4,101.1,0.57,0
SYN-PAT-001879,42.2,Female,West-Rural,149.8,51.8,23.1,0,1,0,121.1,85.0,69.5,78.6,4.25,191.1,71.6,114.6,45.0,0.84,0
SYN-PAT-001880,49.2,Female,North-Urban,158.0,59.4,23.8,0,1,0,121.7,59.2,58.5,108.5,6.07,,,,165.9,1.16,0
SYN-PAT-001881,57.2,Female,East-Urban,152.4,55.5,23.9,0,1,0,122.1,81.2,73.1,106.5,4.6,214.1,46.2,139.5,186.6,1.19,0
SYN-PAT-001882,60.6,Male,West-Urban,162.3,69.0,26.2,0,1,1,143.6,63.6,55.4,101.2,5.12,,,145.5,184.7,,0
SYN-PAT-001883,63.6,Male,West-Rural,181.0,74.4,22.7,0,0,1,117.4,59.6,69.1,124.6,5.67,181.3,,137.7,47.2,1.26,0
SYN-PAT-001884,49.3,Female,East-Urban,138.1,57.8,30.3,0,1,1,130.1,62.0,72.4,111.3,5.04,136.0,45.4,64.2,103.0,0.95,0
SYN-PAT-001885,43.2,Female,West-Rural,155.7,45.3,18.7,0,0,1,131.1,73.2,91.1,112.4,5.0,180.2,49.8,92.3,138.7,1.08,0
SYN-PAT-001886,69.0,Male,South-Rural,168.3,77.9,27.5,1,0,0,132.8,65.6,75.8,141.7,6.36,209.9,,,238.8,0.81,0
SYN-PAT-001887,26.4,Female,East-Rural,170.9,75.1,25.7,0,2,0,106.8,58.0,,89.8,5.59,158.6,62.8,75.3,122.3,0.91,0
SYN-PAT-001888,40.6,Male,East-Urban,164.7,57.5,21.2,0,1,1,142.4,76.1,68.0,93.8,4.2,180.0,52.7,98.4,169.3,0.85,0
SYN-PAT-001889,49.4,Female,East-Rural,159.9,53.2,20.8,0,2,0,124.5,73.9,54.0,108.8,5.32,210.0,,138.9,85.9,0.72,0
SYN-PAT-001890,85.0,Female,East-Urban,154.8,73.6,30.7,0,0,1,140.7,77.4,74.7,154.1,6.25,,44.4,204.5,194.3,1.22,1
SYN-PAT-001891,39.3,Male,South-Rural,157.3,50.2,20.3,0,1,0,122.5,68.7,69.2,69.3,4.49,176.9,54.4,111.3,108.3,1.17,0
SYN-PAT-001892,50.0,Female,North-Urban,149.0,49.7,22.4,0,0,0,113.7,82.4,63.6,84.1,,191.6,65.1,88.4,184.2,0.76,0
SYN-PAT-001893,53.8,Female,West-Urban,165.3,77.3,28.3,0,1,1,108.8,70.4,60.2,125.6,5.11,168.8,53.7,96.6,131.2,0.99,0
SYN-PAT-001894,27.7,Female,South-Rural,161.2,61.1,23.5,0,0,0,125.6,77.6,68.0,,5.45,155.1,55.1,52.0,190.0,0.88,0
SYN-PAT-001895,41.2,Male,East-Urban,161.9,45.3,17.3,0,0,1,98.1,64.7,71.1,76.9,5.07,166.6,38.3,107.7,100.1,0.91,0
SYN-PAT-001896,75.4,Male,East-Rural,158.6,82.8,32.9,0,0,0,172.8,76.6,70.6,125.8,5.72,244.4,27.7,170.6,139.1,1.31,1
SYN-PAT-001897,59.5,Female,North-Rural,156.9,57.4,23.3,0,1,1,120.6,74.5,60.1,,5.31,212.5,66.5,126.1,100.9,1.3,0
SYN-PAT-001898,34.3,Female,South-Rural,153.3,52.2,22.2,0,0,1,137.3,68.8,74.3,91.7,,225.9,,185.3,95.1,0.79,0
SYN-PAT-001899,33.7,Male,East-Rural,172.8,73.8,24.7,1,2,0,103.1,66.3,71.0,89.8,4.2,132.7,46.2,58.5,143.3,0.89,0
SYN-PAT-001900,57.2,Female,West-Rural,148.2,60.4,27.5,0,0,0,141.1,78.5,74.2,91.4,5.15,156.0,61.6,75.9,128.7,0.99,0
SYN-PAT-001901,74.8,Male,West-Rural,174.7,102.5,33.6,0,0,0,149.6,65.3,69.9,97.0,5.55,242.7,51.4,163.8,151.1,1.2,0
SYN-PAT-001902,33.0,Female,South-Rural,149.9,39.1,17.4,0,0,1,116.9,55.8,75.7,82.0,4.72,,49.4,121.9,144.1,0.93,0
SYN-PAT-001903,66.7,Female,East-Urban,157.9,71.8,28.8,0,2,1,146.7,84.6,65.8,120.6,5.56,201.7,45.7,145.1,45.0,1.28,0
SYN-PAT-001904,56.5,Male,West-Rural,173.0,83.5,27.9,0,0,0,122.8,67.3,63.1,75.4,4.74,100.0,29.1,,,1.04,0
SYN-PAT-001905,49.1,Female,East-Rural,156.9,59.3,24.1,0,0,0,105.7,62.8,81.1,,4.46,162.9,44.7,108.9,82.3,0.69,0
SYN-PAT-001906,34.6,Male,West-Urban,157.4,66.4,26.8,1,1,1,121.1,72.8,73.0,105.4,5.04,186.9,35.6,125.6,97.8,1.33,0
SYN-PAT-001907,63.1,Female,North-Urban,154.8,69.5,29.0,0,0,1,136.0,72.6,72.5,139.5,5.91,173.5,,72.7,173.5,1.0,0
SYN-PAT-001908,27.5,Female,East-Rural,159.9,46.3,18.1,0,1,0,98.8,67.2,54.4,72.0,4.78,167.7,72.0,78.6,95.7,0.45,0
SYN-PAT-001909,53.3,Male,West-Rural,159.6,80.2,31.5,0,0,0,133.4,75.3,67.8,,5.51,248.5,41.9,170.8,150.0,1.43,0
SYN-PAT-001910,55.1,Female,West-Rural,163.5,51.1,19.1,0,1,1,124.4,71.5,85.2,,4.9,221.6,44.2,139.8,179.1,1.12,0
SYN-PAT-001911,39.4,Male,South-Urban,180.6,64.3,19.7,0,0,0,101.4,59.9,58.4,74.3,4.2,194.8,50.5,106.2,117.7,1.25,0
SYN-PAT-001912,58.8,Female,North-Rural,153.0,56.6,24.2,0,1,1,131.6,74.6,67.2,120.0,5.53,188.4,42.8,111.5,,1.21,0
SYN-PAT-001913,84.9,Male,East-Urban,161.9,89.4,34.1,1,1,0,152.4,88.9,71.6,115.3,6.48,205.2,48.8,,,1.77,1
SYN-PAT-001914,26.0,Male,East-Rural,168.9,63.0,22.1,0,1,0,98.6,61.0,71.5,,,187.5,55.0,118.3,73.7,,0
SYN-PAT-001915,59.2,Female,West-Rural,158.2,62.8,25.1,0,1,0,137.3,81.5,56.8,165.9,6.85,192.2,59.4,78.4,230.5,0.82,1
SYN-PAT-001916,58.7,Male,East-Urban,163.4,82.0,30.7,0,2,1,123.0,72.8,69.4,121.1,6.24,199.6,52.3,109.3,176.2,1.01,0
SYN-PAT-001917,64.6,Male,South-Rural,171.2,71.5,24.4,0,0,0,124.7,77.2,58.0,102.3,5.0,150.7,41.8,64.1,230.2,1.04,0
SYN-PAT-001918,57.4,Female,South-Rural,161.7,54.1,20.7,0,0,0,124.0,71.4,72.3,65.2,4.2,165.0,52.0,82.0,,0.95,0
SYN-PAT-001919,37.2,Male,East-Rural,157.2,55.1,22.3,0,1,0,129.9,71.9,63.3,65.0,4.65,,47.8,117.9,135.2,0.92,0
SYN-PAT-001920,60.2,Male,South-Urban,168.1,86.2,30.5,1,1,1,141.3,79.8,63.5,117.2,5.72,167.8,,104.5,183.3,0.93,0
SYN-PAT-001921,51.9,Female,West-Rural,160.9,65.0,25.1,0,0,0,130.2,82.2,79.6,102.5,5.49,194.2,42.4,107.0,136.3,0.75,0
SYN-PAT-001922,28.5,Female,East-Rural,154.5,73.3,30.7,0,1,0,112.1,72.5,68.9,107.0,6.29,189.8,45.6,107.3,193.8,0.7,0
SYN-PAT-001923,54.1,Female,North-Urban,154.0,65.9,27.8,0,0,0,126.4,76.6,77.2,,5.35,204.6,47.1,102.9,233.9,1.12,0
SYN-PAT-001924,26.4,Female,South-Urban,158.1,52.0,20.8,0,1,0,105.6,63.6,72.8,65.0,4.2,180.7,,134.7,45.0,0.63,0
SYN-PAT-001925,54.0,Male,West-Rural,172.5,74.7,25.1,0,2,0,128.5,84.5,77.3,65.0,4.46,205.7,52.8,115.2,179.3,1.23,0
SYN-PAT-001926,19.0,Female,West-Rural,155.7,47.5,19.6,0,1,0,97.5,69.0,57.9,74.4,4.65,141.3,35.7,82.3,64.1,,0
SYN-PAT-001927,50.7,Male,East-Urban,173.8,67.1,22.2,0,0,0,136.8,74.2,79.6,82.6,5.31,141.4,51.3,78.9,45.0,0.51,0
SYN-PAT-001928,68.1,Female,East-Rural,155.1,103.0,42.8,0,1,1,143.3,80.3,74.1,115.3,5.61,194.1,,98.3,227.6,0.99,0
SYN-PAT-001929,77.6,Female,West-Rural,166.6,83.8,30.2,0,1,1,121.8,80.1,67.6,140.3,5.83,230.0,,166.6,200.0,0.91,0
SYN-PAT-001930,18.0,Male,East-Urban,167.2,73.0,26.1,1,0,1,144.9,72.1,63.0,67.9,,132.3,43.0,40.0,147.6,0.78,0
SYN-PAT-001931,56.9,Male,West-Rural,175.7,70.1,22.7,0,1,0,120.6,56.9,74.1,,5.47,158.0,50.4,64.3,156.3,0.91,0
SYN-PAT-001932,56.4,Male,North-Rural,158.2,77.6,31.0,1,2,1,153.1,80.4,60.2,92.6,6.58,,47.0,93.5,200.3,1.02,0
SYN-PAT-001933,29.8,Female,South-Urban,156.0,67.4,27.7,0,0,0,130.7,82.9,77.6,93.4,4.94,123.8,62.0,40.0,107.7,0.62,0
SYN-PAT-001934,64.2,Female,East-Rural,162.4,86.2,32.7,1,0,0,154.4,92.6,90.8,128.1,6.01,,59.3,75.5,185.6,0.86,0
SYN-PAT-001935,57.5,Female,North-Rural,149.1,71.4,32.1,0,0,0,130.5,74.4,82.6,,5.02,226.8,55.0,127.6,196.8,,0
SYN-PAT-001936,71.7,Male,East-Rural,169.1,58.3,20.4,0,1,0,134.2,72.9,80.2,128.7,5.06,173.9,38.4,88.5,202.9,0.8,0
SYN-PAT-001937,29.7,Female,North-Urban,164.6,52.3,19.3,1,2,0,97.4,68.0,59.0,114.6,5.53,116.4,62.5,40.0,111.2,0.45,0
SYN-PAT-001938,74.5,Male,South-Rural,171.3,65.7,22.4,1,1,0,163.8,77.7,75.3,106.3,5.23,183.9,,102.1,144.9,,0
SYN-PAT-001939,51.5,Male,West-Urban,163.8,56.9,21.2,1,0,0,116.1,72.7,61.8,101.0,4.2,196.1,38.7,142.0,,1.04,0
SYN-PAT-001940,36.1,Female,East-Urban,156.7,61.6,25.1,0,1,0,112.1,68.5,67.5,109.3,6.04,125.2,50.5,71.9,80.6,1.07,0
SYN-PAT-001941,42.5,Male,East-Rural,166.2,61.0,22.1,1,1,0,123.3,78.2,83.6,98.6,5.25,203.7,42.7,133.3,159.8,0.99,0
SYN-PAT-001942,33.2,Male,South-Urban,175.7,97.6,31.6,1,1,0,123.8,79.0,66.0,105.3,5.37,142.1,33.4,89.3,85.4,0.95,0
SYN-PAT-001943,60.7,Male,East-Rural,165.1,88.9,32.6,1,0,0,133.2,82.1,83.8,100.3,5.06,190.4,36.8,118.6,187.9,1.19,0
SYN-PAT-001944,42.0,Female,East-Rural,155.3,58.4,24.2,0,1,0,134.4,72.2,77.9,65.0,,167.8,,,136.5,0.98,0
SYN-PAT-001945,54.6,Female,East-Rural,163.3,86.4,32.4,0,0,0,142.9,92.5,83.5,82.0,5.08,181.5,,133.4,100.9,0.72,0
SYN-PAT-001946,48.8,Female,West-Urban,165.0,82.5,30.3,1,0,0,136.4,79.6,63.1,144.9,6.29,189.2,44.6,129.8,,0.84,0
SYN-PAT-001947,31.9,Female,West-Rural,149.4,48.9,21.9,0,1,0,105.3,68.5,73.2,90.1,5.37,191.7,48.4,142.1,82.6,0.81,0
SYN-PAT-001948,34.8,Male,East-Rural,180.3,52.7,16.2,0,2,1,119.6,62.4,,85.7,5.29,,42.2,97.4,90.4,0.63,0
SYN-PAT-001949,48.6,Male,West-Rural,166.7,66.1,23.8,1,0,0,121.3,70.0,81.5,116.2,6.34,166.1,53.8,83.8,199.3,1.28,0
SYN-PAT-001950,61.9,Female,South-Urban,164.9,62.5,23.0,0,2,0,146.4,76.9,51.9,84.3,4.41,203.5,52.2,130.2,140.9,1.18,0
SYN-PAT-001951,38.4,Male,South-Urban,167.5,69.6,24.8,0,0,1,117.5,64.3,75.6,113.2,5.13,183.4,34.0,112.4,,0.61,0
SYN-PAT-001952,38.5,Male,East-Rural,151.3,55.6,24.3,0,1,0,130.5,70.7,71.2,91.5,5.11,158.3,42.3,81.6,183.6,0.86,0
SYN-PAT-001953,50.7,Female,West-Rural,159.3,63.4,25.0,0,0,0,121.7,69.9,55.6,104.2,4.86,187.0,56.8,95.8,187.2,0.91,0
SYN-PAT-001954,65.3,Female,South-Rural,159.4,70.1,27.6,0,0,0,134.2,75.1,65.6,99.0,,,48.1,95.7,160.8,1.14,0
SYN-PAT-001955,69.6,Male,East-Rural,180.6,69.5,21.3,0,1,0,145.0,62.0,53.0,81.3,4.91,169.5,42.5,,117.3,,0
SYN-PAT-001956,61.8,Male,East-Urban,166.5,74.9,27.0,0,1,0,157.2,78.6,63.8,88.1,5.33,218.0,63.0,104.2,177.6,1.07,0
SYN-PAT-001957,53.5,Male,East-Urban,171.1,67.9,23.2,0,1,1,141.8,72.2,,92.6,5.53,198.0,39.8,129.2,110.6,1.53,1
SYN-PAT-001958,54.4,Female,South-Urban,153.7,60.7,25.7,0,1,0,136.2,74.4,71.3,98.2,5.02,210.7,53.6,110.1,223.3,0.93,0
SYN-PAT-001959,57.5,Female,West-Urban,155.8,69.9,28.8,0,1,0,137.1,83.5,71.9,75.5,4.91,212.6,47.0,120.9,194.7,0.91,0
SYN-PAT-001960,64.0,Female,East-Urban,153.4,49.2,20.9,0,2,0,120.8,85.1,56.6,73.4,4.65,164.7,51.1,75.0,150.1,1.05,0
SYN-PAT-001961,53.4,Male,East-Urban,166.5,66.0,23.8,0,1,1,127.1,77.1,78.7,109.8,5.32,214.2,48.7,143.6,162.5,1.14,0
SYN-PAT-001962,58.8,Male,North-Urban,165.7,68.1,24.8,1,0,1,122.4,62.0,,108.6,4.93,182.5,35.4,114.9,155.6,1.14,0
SYN-PAT-001963,58.6,Female,East-Rural,157.0,57.4,23.3,1,0,0,136.5,71.3,72.4,100.3,4.69,215.0,50.1,160.9,128.3,1.32,1
SYN-PAT-001964,42.3,Male,East-Rural,163.3,73.9,27.7,0,0,0,126.0,77.4,81.2,95.2,5.37,180.1,44.9,104.6,163.9,1.07,0
SYN-PAT-001965,61.6,Male,East-Rural,168.6,64.5,22.7,0,1,0,103.6,70.1,60.5,,5.57,198.9,44.4,138.1,134.2,0.9,0
SYN-PAT-001966,62.9,Male,East-Rural,165.5,64.1,23.4,0,0,0,128.9,79.7,74.0,101.0,4.33,201.5,46.8,106.9,228.8,0.98,0
SYN-PAT-001967,49.5,Male,North-Rural,165.5,60.3,22.0,1,0,0,130.9,71.6,,,4.76,204.2,40.3,136.5,103.7,1.33,0
SYN-PAT-001968,18.0,Female,East-Rural,167.8,75.7,26.9,0,0,0,105.7,65.5,,87.1,5.56,121.1,39.4,55.8,142.7,0.81,0
SYN-PAT-001969,42.5,Male,West-Urban,168.3,63.4,22.4,0,1,1,120.7,83.3,74.4,119.6,4.23,133.3,53.9,73.3,95.4,0.73,0
SYN-PAT-001970,18.0,Female,West-Rural,146.3,52.4,24.5,0,0,0,88.6,64.2,,,4.62,182.8,53.1,112.5,81.3,0.45,0
SYN-PAT-001971,29.3,Female,South-Urban,160.6,80.0,31.0,1,0,0,113.1,63.5,73.1,,5.67,189.1,40.3,139.9,66.8,0.77,0
SYN-PAT-001972,71.6,Male,West-Rural,165.4,70.3,25.7,0,1,0,147.6,88.1,68.6,112.3,,178.6,34.9,110.7,178.1,1.32,0
SYN-PAT-001973,32.8,Male,West-Urban,166.6,77.4,27.9,1,1,0,121.7,60.8,74.7,87.3,4.82,187.9,54.6,109.6,113.6,0.85,0
SYN-PAT-001974,49.3,Female,South-Urban,152.0,71.6,31.0,0,0,0,131.5,50.0,80.7,,4.81,152.7,38.0,73.6,203.3,0.6,0
SYN-PAT-001975,36.2,Male,North-Rural,165.3,76.0,27.8,1,1,1,116.9,76.7,70.7,134.5,5.41,271.2,51.5,178.6,155.8,0.77,0
SYN-PAT-001976,64.8,Male,East-Rural,183.2,85.6,25.5,0,0,0,131.5,80.3,82.1,106.5,5.09,232.3,48.1,151.9,161.1,1.44,0
SYN-PAT-001977,21.5,Male,South-Rural,161.2,66.0,25.4,0,2,1,85.0,66.3,72.2,79.0,4.21,184.8,,124.2,,,0
SYN-PAT-001978,54.8,Female,West-Rural,154.5,48.0,20.1,0,0,0,131.3,62.0,56.1,,4.22,184.8,52.3,104.2,156.3,1.11,0
SYN-PAT-001979,78.1,Male,East-Rural,165.1,63.8,23.4,0,2,0,158.5,78.3,54.2,,4.41,,42.4,117.5,131.8,,0
SYN-PAT-001980,72.9,Female,South-Urban,158.7,59.9,23.8,0,2,0,121.5,68.7,76.2,105.7,,162.2,49.7,100.5,96.4,,0
SYN-PAT-001981,37.1,Female,West-Rural,162.6,85.7,32.4,0,1,1,110.6,66.9,69.3,135.7,6.3,182.7,,97.5,170.1,0.73,0
SYN-PAT-001982,64.5,Female,North-Urban,146.7,48.4,22.5,0,0,0,133.8,83.7,73.3,74.0,5.03,167.8,,101.9,93.4,0.95,1
SYN-PAT-001983,54.2,Female,East-Urban,155.1,52.4,21.8,0,1,0,140.0,66.4,78.4,95.8,5.36,161.8,51.5,108.0,48.2,1.02,0
SYN-PAT-001984,83.5,Male,North-Urban,175.8,70.2,22.7,1,0,0,145.1,78.0,71.9,123.7,5.26,164.7,44.4,78.4,216.4,1.46,1
SYN-PAT-001985,44.1,Male,South-Rural,172.7,79.0,26.5,0,2,1,106.0,77.1,67.2,126.8,,190.4,43.6,120.9,117.5,1.33,0
SYN-PAT-001986,30.7,Male,East-Rural,158.7,60.7,24.1,0,1,0,108.8,70.9,61.9,109.7,5.8,161.2,50.3,,50.4,,0
SYN-PAT-001987,42.4,Female,North-Rural,154.7,68.0,28.4,0,2,0,109.1,78.7,,65.0,4.85,199.5,52.0,,104.6,0.97,0
SYN-PAT-001988,66.5,Male,East-Rural,160.7,72.8,28.2,0,1,0,126.5,77.4,,115.4,5.57,212.8,,139.3,133.5,1.49,1
SYN-PAT-001989,74.6,Male,South-Rural,166.2,57.7,20.9,0,1,0,129.1,74.8,63.6,73.0,4.76,202.9,,119.3,197.9,1.15,0
SYN-PAT-001990,74.4,Male,South-Rural,187.4,81.1,23.1,0,1,0,123.4,73.7,61.2,84.9,5.91,273.4,46.3,,86.0,1.39,0
SYN-PAT-001991,69.5,Male,East-Urban,172.1,92.1,31.1,0,0,0,129.3,79.3,96.3,126.1,6.12,228.5,36.9,157.0,118.0,1.27,0
SYN-PAT-001992,28.3,Male,South-Rural,154.4,53.9,22.6,0,1,1,109.6,64.9,,98.6,4.92,133.1,,,158.7,1.03,0
SYN-PAT-001993,52.0,Male,North-Urban,162.8,77.7,29.3,1,1,0,136.0,65.8,64.8,115.1,5.46,,45.8,150.1,136.4,1.05,0
SYN-PAT-001994,40.8,Male,East-Urban,167.6,66.3,23.6,0,2,1,99.4,73.0,72.2,85.4,4.34,176.2,54.1,84.3,139.9,,0
SYN-PAT-001995,78.4,Female,East-Rural,149.4,50.7,22.7,0,1,1,141.1,83.5,68.5,142.5,7.0,,40.5,90.5,,1.13,1
SYN-PAT-001996,61.2,Male,West-Rural,158.1,60.5,24.2,0,2,0,123.6,73.2,57.1,111.4,6.07,151.9,32.6,,233.2,,0
SYN-PAT-001997,73.9,Female,East-Rural,165.6,61.7,22.5,0,2,0,142.4,70.9,70.0,117.9,5.49,210.6,59.5,123.0,99.6,0.94,0
SYN-PAT-001998,37.7,Female,North-Rural,142.3,44.1,21.8,0,1,1,122.6,58.7,61.4,79.1,5.65,193.1,57.5,121.5,134.6,0.81,0
SYN-PAT-001999,33.2,Male,South-Rural,159.7,62.5,24.5,1,0,0,112.5,69.6,,109.3,5.59,144.6,33.3,71.0,189.9,0.79,0
SYN-PAT-002000,23.9,Female,South-Rural,152.4,58.3,25.1,0,1,0,115.8,59.8,73.7,79.6,4.53,195.7,45.9,129.3,105.3,0.58,0
